1, 81
2, 85
3, 77
4, 72
5, 82
6, 77
7, 91
8, 84
9, 79
10, 85
11, 70
12, 77
13, 87
14, 76
15, 83
16, 78
17, 84
18, 79
19, 74
20, 82
21, 83
22, 74
23, 81
24, 84
25, 90
26, 82
27, 72
28, 74
29, 85
30, 84
31, 79
32, 78
33, 71
34, 77
35, 85
36, 72
37, 85
38, 89
39, 83
40, 79
41, 89
42, 75
43, 68
44, 75
45, 80
46, 81
47, 96
48, 76
49, 83
50, 81
51, 85
52, 71
53, 84
54, 79
55, 69
56, 86
57, 79
58, 85
59, 75
60, 75
61, 79
62, 89
63, 78
64, 74
65, 74
66, 78
67, 91
68, 88
69, 78
70, 77
71, 76
72, 73
73, 79
74, 71
75, 87
76, 77
77, 83
78, 72
79, 70
80, 74
81, 79
82, 74
83, 80
84, 92
85, 82
86, 75
87, 83
88, 90
89, 87
90, 78
91, 87
92, 77
93, 89
94, 74
95, 82
96, 77
97, 79
98, 80
99, 79
100, 79
101, 85
102, 89
103, 84
104, 83
105, 84
106, 83
107, 85
108, 82
109, 79
110, 86
111, 72
112, 84
113, 73
114, 86
115, 70
116, 80
117, 76
118, 71
119, 76
120, 75
121, 73
122, 74
123, 79
124, 91
125, 73
126, 66
127, 83
128, 70
129, 95
130, 67
131, 70
132, 79
133, 71
134, 79
135, 73
136, 86
137, 92
138, 76
139, 78
140, 76
141, 90
142, 72
143, 86
144, 77
145, 85
146, 82
147, 84
148, 78
149, 86
150, 87
151, 79
152, 73
153, 80
154, 92
155, 76
156, 78
157, 70
158, 87
159, 80
160, 84
161, 74
162, 79
163, 74
164, 81
165, 83
166, 83
167, 84
168, 88
169, 84
170, 91
171, 79
172, 75
173, 78
174, 76
175, 72
176, 87
177, 85
178, 82
179, 72
180, 74
181, 90
182, 83
183, 84
184, 88
185, 75
186, 68
187, 76
188, 77
189, 89
190, 92
191, 70
192, 84
193, 76
194, 79
195, 83
196, 75
197, 83
198, 81
199, 85
200, 88
201, 85
202, 92
203, 90
204, 80
205, 81
206, 76
207, 71
208, 69
209, 80
210, 86
211, 81
212, 78
213, 88
214, 86
215, 81
216, 79
217, 80
218, 88
219, 85
220, 69
221, 76
222, 84
223, 72
224, 70
225, 82
226, 86
227, 74
228, 82
229, 60
230, 81
231, 81
232, 76
233, 83
234, 76
235, 74
236, 86
237, 81
238, 74
239, 74
240, 70
241, 80
242, 79
243, 83
244, 82
245, 75
246, 77
247, 80
248, 85
249, 89
250, 85
251, 82
252, 86
253, 88
254, 79
255, 84
256, 78
257, 75
258, 91
259, 81
260, 89
261, 85
262, 82
263, 83
264, 75
265, 86
266, 67
267, 79
268, 66
269, 86
270, 85
271, 72
272, 65
273, 75
274, 92
275, 73
276, 83
277, 75
278, 79
279, 77
280, 76
281, 79
282, 91
283, 78
284, 87
285, 82
286, 91
287, 72
288, 72
289, 80
290, 86
291, 87
292, 70
293, 74
294, 81
295, 83
296, 89
297, 80
298, 65
299, 79
300, 88
301, 81
302, 89
303, 86
304, 77
305, 81
306, 85
307, 80
308, 87
309, 92
310, 77
311, 73
312, 79
313, 78
314, 80
315, 82
316, 83
317, 87
318, 79
319, 83
320, 77
321, 84
322, 80
323, 78
324, 79
325, 87
326, 86
327, 77
328, 80
329, 86
330, 84
331, 66
332, 79
333, 78
334, 75
335, 87
336, 84
337, 94
338, 68
339, 80
340, 84
341, 91
342, 77
343, 82
344, 79
345, 76
346, 75
347, 88
348, 87
349, 82
350, 67
351, 82
352, 75
353, 79
354, 68
355, 84
356, 87
357, 81
358, 79
359, 82
360, 83
361, 87
362, 82
363, 88
364, 74
365, 76
366, 64
367, 78
368, 83
369, 77
370, 79
371, 74
372, 75
373, 76
374, 85
375, 81
376, 77
377, 88
378, 74
379, 78
380, 81
381, 88
382, 73
383, 81
384, 72
385, 80
386, 85
387, 82
388, 72
389, 91
390, 79
391, 82
392, 82
393, 82
394, 84
395, 75
396, 83
397, 74
398, 86
399, 90
400, 82
401, 72
402, 85
403, 80
404, 79
405, 87
406, 80
407, 74
408, 88
409, 80
410, 74
411, 72
412, 70
413, 71
414, 82
415, 81
416, 78
417, 82
418, 76
419, 66
420, 82
421, 72
422, 84
423, 83
424, 82
425, 75
426, 84
427, 68
428, 74
429, 81
430, 68
431, 79
432, 75
433, 76
434, 61
435, 83
436, 73
437, 77
438, 75
439, 86
440, 71
441, 83
442, 79
443, 67
444, 80
445, 83
446, 89
447, 85
448, 73
449, 90
450, 82
451, 78
452, 80
453, 78
454, 80
455, 78
456, 87
457, 80
458, 79
459, 77
460, 82
461, 86
462, 83
463, 71
464, 76
465, 88
466, 86
467, 84
468, 85
469, 82
470, 80
471, 79
472, 79
473, 70
474, 82
475, 77
476, 77
477, 77
478, 82
479, 86
480, 78
481, 73
482, 73
483, 86
484, 76
485, 75
486, 85
487, 70
488, 69
489, 76
490, 86
491, 75
492, 74
493, 75
494, 87
495, 85
496, 92
497, 84
498, 79
499, 70
500, 86
501, 87
502, 66
503, 92
504, 78
505, 79
506, 83
507, 73
508, 77
509, 73
510, 92
511, 77
512, 83
513, 85
514, 87
515, 77
516, 75
517, 72
518, 87
519, 74
520, 71
521, 81
522, 82
523, 75
524, 80
525, 75
526, 81
527, 71
528, 87
529, 76
530, 86
531, 73
532, 72
533, 79
534, 84
535, 81
536, 81
537, 83
538, 73
539, 81
540, 81
541, 88
542, 72
543, 77
544, 83
545, 76
546, 84
547, 81
548, 69
549, 75
550, 64
551, 75
552, 73
553, 58
554, 80
555, 78
556, 85
557, 84
558, 83
559, 89
560, 82
561, 75
562, 60
563, 77
564, 87
565, 81
566, 72
567, 80
568, 73
569, 82
570, 80
571, 75
572, 76
573, 76
574, 75
575, 72
576, 75
577, 91
578, 80
579, 68
580, 87
581, 75
582, 92
583, 84
584, 80
585, 79
586, 80
587, 80
588, 75
589, 75
590, 83
591, 80
592, 85
593, 76
594, 79
595, 78
596, 78
597, 76
598, 84
599, 82
600, 79
601, 67
602, 84
603, 82
604, 87
605, 78
606, 79
607, 79
608, 73
609, 91
610, 91
611, 82
612, 88
613, 89
614, 78
615, 79
616, 72
617, 81
618, 61
619, 82
620, 83
621, 72
622, 80
623, 77
624, 80
625, 70
626, 78
627, 70
628, 69
629, 83
630, 82
631, 82
632, 78
633, 90
634, 86
635, 81
636, 83
637, 70
638, 80
639, 86
640, 78
641, 68
642, 81
643, 82
644, 81
645, 74
646, 72
647, 79
648, 76
649, 90
650, 76
651, 69
652, 78
653, 75
654, 89
655, 69
656, 75
657, 78
658, 83
659, 85
660, 78
661, 83
662, 77
663, 74
664, 70
665, 77
666, 75
667, 81
668, 80
669, 71
670, 81
671, 68
672, 83
673, 79
674, 73
675, 78
676, 84
677, 72
678, 72
679, 86
680, 81
681, 80
682, 88
683, 83
684, 74
685, 79
686, 79
687, 80
688, 74
689, 84
690, 73
691, 84
692, 76
693, 85
694, 84
695, 77
696, 80
697, 76
698, 74
699, 89
700, 73
701, 77
702, 85
703, 79
704, 94
705, 89
706, 80
707, 86
708, 77
709, 72
710, 85
711, 86
712, 69
713, 73
714, 78
715, 83
716, 84
717, 85
718, 77
719, 91
720, 67
721, 88
722, 84
723, 84
724, 79
725, 81
726, 72
727, 77
728, 79
729, 81
730, 85
731, 88
732, 92
733, 77
734, 73
735, 87
736, 85
737, 83
738, 87
739, 83
740, 83
741, 80
742, 74
743, 85
744, 73
745, 72
746, 91
747, 74
748, 87
749, 96
750, 90
751, 76
752, 72
753, 88
754, 83
755, 84
756, 86
757, 83
758, 79
759, 84
760, 72
761, 91
762, 76
763, 80
764, 81
765, 78
766, 76
767, 76
768, 80
769, 71
770, 74
771, 87
772, 67
773, 77
774, 93
775, 83
776, 85
777, 65
778, 74
779, 77
780, 75
781, 82
782, 73
783, 80
784, 75
785, 82
786, 91
787, 79
788, 83
789, 76
790, 81
791, 76
792, 78
793, 75
794, 76
795, 84
796, 83
797, 76
798, 79
799, 90
800, 83
801, 85
802, 85
803, 74
804, 81
805, 73
806, 76
807, 84
808, 82
809, 82
810, 85
811, 82
812, 77
813, 82
814, 74
815, 88
816, 73
817, 79
818, 84
819, 76
820, 78
821, 89
822, 81
823, 71
824, 82
825, 81
826, 82
827, 72
828, 81
829, 83
830, 75
831, 66
832, 87
833, 78
834, 68
835, 80
836, 81
837, 78
838, 83
839, 82
840, 83
841, 86
842, 92
843, 77
844, 89
845, 80
846, 91
847, 73
848, 75
849, 85
850, 76
851, 77
852, 79
853, 77
854, 80
855, 79
856, 82
857, 91
858, 84
859, 78
860, 77
861, 75
862, 69
863, 80
864, 77
865, 71
866, 75
867, 75
868, 86
869, 85
870, 75
871, 83
872, 84
873, 88
874, 86
875, 79
876, 73
877, 83
878, 79
879, 79
880, 86
881, 87
882, 65
883, 77
884, 85
885, 79
886, 85
887, 77
888, 88
889, 71
890, 73
891, 72
892, 77
893, 84
894, 70
895, 88
896, 78
897, 75
898, 82
899, 78
900, 83
901, 81
902, 72
903, 81
904, 83
905, 77
906, 77
907, 81
908, 87
909, 89
910, 84
911, 71
912, 74
913, 76
914, 84
915, 81
916, 85
917, 77
918, 78
919, 72
920, 85
921, 85
922, 82
923, 76
924, 69
925, 80
926, 87
927, 77
928, 80
929, 72
930, 73
931, 64
932, 82
933, 83
934, 71
935, 83
936, 84
937, 75
938, 83
939, 84
940, 69
941, 88
942, 78
943, 85
944, 77
945, 80
946, 76
947, 79
948, 89
949, 80
950, 87
951, 79
952, 87
953, 76
954, 74
955, 83
956, 85
957, 103
958, 89
959, 78
960, 81
961, 78
962, 79
963, 77
964, 84
965, 81
966, 80
967, 82
968, 74
969, 75
970, 81
971, 73
972, 73
973, 81
974, 82
975, 80
976, 84
977, 80
978, 78
979, 70
980, 73
981, 82
982, 79
983, 75
984, 83
985, 83
986, 64
987, 81
988, 81
989, 65
990, 79
991, 82
992, 77
993, 84
994, 90
995, 83
996, 82
997, 74
998, 73
999, 82
1000, 86
1001, 76
1002, 86
1003, 90
1004, 74
1005, 75
1006, 85
1007, 69
1008, 93
1009, 79
1010, 79
1011, 84
1012, 89
1013, 80
1014, 88
1015, 85
1016, 89
1017, 86
1018, 88
1019, 81
1020, 76
1021, 84
1022, 77
1023, 84
1024, 95
1025, 79
1026, 90
1027, 74
1028, 81
1029, 84
1030, 79
1031, 79
1032, 81
1033, 83
1034, 86
1035, 78
1036, 67
1037, 90
1038, 83
1039, 90
1040, 73
1041, 82
1042, 79
1043, 82
1044, 85
1045, 81
1046, 81
1047, 75
1048, 79
1049, 82
1050, 86
1051, 87
1052, 70
1053, 77
1054, 77
1055, 73
1056, 71
1057, 87
1058, 81
1059, 75
1060, 87
1061, 83
1062, 79
1063, 83
1064, 77
1065, 94
1066, 82
1067, 75
1068, 88
1069, 83
1070, 74
1071, 80
1072, 78
1073, 85
1074, 76
1075, 74
1076, 78
1077, 83
1078, 82
1079, 85
1080, 93
1081, 71
1082, 87
1083, 69
1084, 85
1085, 83
1086, 85
1087, 92
1088, 88
1089, 91
1090, 85
1091, 82
1092, 85
1093, 92
1094, 74
1095, 88
1096, 77
1097, 84
1098, 84
1099, 85
1100, 73
1101, 84
1102, 77
1103, 71
1104, 90
1105, 80
1106, 76
1107, 93
1108, 86
1109, 77
1110, 88
1111, 75
1112, 87
1113, 80
1114, 89
1115, 85
1116, 86
1117, 76
1118, 80
1119, 80
1120, 73
1121, 80
1122, 81
1123, 77
1124, 79
1125, 84
1126, 74
1127, 80
1128, 76
1129, 81
1130, 80
1131, 81
1132, 77
1133, 75
1134, 80
1135, 77
1136, 81
1137, 88
1138, 80
1139, 91
1140, 77
1141, 77
1142, 88
1143, 87
1144, 80
1145, 89
1146, 77
1147, 77
1148, 83
1149, 70
1150, 87
1151, 76
1152, 79
1153, 88
1154, 87
1155, 84
1156, 82
1157, 81
1158, 87
1159, 81
1160, 78
1161, 79
1162, 79
1163, 77
1164, 80
1165, 90
1166, 89
1167, 83
1168, 77
1169, 81
1170, 87
1171, 75
1172, 80
1173, 79
1174, 77
1175, 83
1176, 83
1177, 75
1178, 84
1179, 87
1180, 69
1181, 80
1182, 93
1183, 79
1184, 84
1185, 82
1186, 93
1187, 89
1188, 71
1189, 79
1190, 74
1191, 75
1192, 77
1193, 72
1194, 67
1195, 84
1196, 80
1197, 84
1198, 73
1199, 94
1200, 76
1201, 81
1202, 80
1203, 78
1204, 81
1205, 77
1206, 80
1207, 91
1208, 86
1209, 75
1210, 74
1211, 81
1212, 86
1213, 71
1214, 75
1215, 84
1216, 69
1217, 71
1218, 74
1219, 77
1220, 75
1221, 74
1222, 80
1223, 82
1224, 93
1225, 81
1226, 75
1227, 70
1228, 88
1229, 79
1230, 88
1231, 88
1232, 77
1233, 71
1234, 84
1235, 84
1236, 72
1237, 78
1238, 97
1239, 86
1240, 84
1241, 75
1242, 84
1243, 76
1244, 83
1245, 78
1246, 86
1247, 79
1248, 84
1249, 78
1250, 74
1251, 77
1252, 75
1253, 82
1254, 89
1255, 86
1256, 72
1257, 74
1258, 80
1259, 97
1260, 79
1261, 83
1262, 82
1263, 86
1264, 75
1265, 92
1266, 73
1267, 80
1268, 88
1269, 89
1270, 87
1271, 89
1272, 81
1273, 83
1274, 82
1275, 81
1276, 83
1277, 80
1278, 72
1279, 88
1280, 85
1281, 85
1282, 75
1283, 83
1284, 76
1285, 76
1286, 72
1287, 81
1288, 79
1289, 70
1290, 70
1291, 82
1292, 60
1293, 78
1294, 78
1295, 72
1296, 77
1297, 84
1298, 72
1299, 79
1300, 89
1301, 71
1302, 89
1303, 77
1304, 85
1305, 76
1306, 71
1307, 72
1308, 83
1309, 79
1310, 73
1311, 80
1312, 82
1313, 83
1314, 83
1315, 85
1316, 81
1317, 73
1318, 77
1319, 76
1320, 87
1321, 67
1322, 90
1323, 84
1324, 66
1325, 81
1326, 79
1327, 78
1328, 81
1329, 83
1330, 80
1331, 85
1332, 67
1333, 87
1334, 70
1335, 68
1336, 85
1337, 80
1338, 87
1339, 74
1340, 80
1341, 76
1342, 81
1343, 92
1344, 81
1345, 75
1346, 79
1347, 82
1348, 82
1349, 80
1350, 81
1351, 79
1352, 84
1353, 70
1354, 75
1355, 73
1356, 78
1357, 65
1358, 82
1359, 93
1360, 82
1361, 96
1362, 72
1363, 89
1364, 88
1365, 85
1366, 73
1367, 83
1368, 82
1369, 77
1370, 84
1371, 85
1372, 85
1373, 83
1374, 83
1375, 75
1376, 77
1377, 79
1378, 73
1379, 75
1380, 88
1381, 72
1382, 72
1383, 76
1384, 72
1385, 76
1386, 72
1387, 70
1388, 84
1389, 79
1390, 92
1391, 71
1392, 93
1393, 77
1394, 83
1395, 72
1396, 77
1397, 75
1398, 78
1399, 94
1400, 92
1401, 71
1402, 75
1403, 76
1404, 71
1405, 84
1406, 67
1407, 84
1408, 80
1409, 73
1410, 72
1411, 81
1412, 86
1413, 72
1414, 77
1415, 80
1416, 77
1417, 70
1418, 76
1419, 79
1420, 75
1421, 73
1422, 74
1423, 80
1424, 73
1425, 72
1426, 82
1427, 76
1428, 75
1429, 72
1430, 89
1431, 69
1432, 83
1433, 85
1434, 81
1435, 79
1436, 81
1437, 83
1438, 72
1439, 82
1440, 77
1441, 80
1442, 91
1443, 91
1444, 81
1445, 86
1446, 81
1447, 81
1448, 68
1449, 74
1450, 90
1451, 83
1452, 75
1453, 89
1454, 84
1455, 83
1456, 80
1457, 81
1458, 90
1459, 72
1460, 92
1461, 80
1462, 81
1463, 81
1464, 83
1465, 83
1466, 77
1467, 81
1468, 92
1469, 93
1470, 76
1471, 78
1472, 93
1473, 87
1474, 81
1475, 79
1476, 83
1477, 74
1478, 78
1479, 87
1480, 83
1481, 85
1482, 86
1483, 79
1484, 89
1485, 80
1486, 74
1487, 91
1488, 82
1489, 79
1490, 76
1491, 75
1492, 75
1493, 78
1494, 80
1495, 77
1496, 82
1497, 83
1498, 77
1499, 78
1500, 85
1501, 71
1502, 85
1503, 85
1504, 84
1505, 72
1506, 76
1507, 85
1508, 82
1509, 81
1510, 84
1511, 88
1512, 92
1513, 87
1514, 83
1515, 76
1516, 79
1517, 75
1518, 72
1519, 75
1520, 78
1521, 77
1522, 76
1523, 82
1524, 81
1525, 74
1526, 81
1527, 78
1528, 85
1529, 79
1530, 73
1531, 79
1532, 84
1533, 94
1534, 73
1535, 84
1536, 76
1537, 75
1538, 71
1539, 88
1540, 79
1541, 83
1542, 78
1543, 67
1544, 82
1545, 72
1546, 79
1547, 76
1548, 75
1549, 87
1550, 90
1551, 73
1552, 75
1553, 85
1554, 74
1555, 84
1556, 85
1557, 71
1558, 75
1559, 74
1560, 82
1561, 84
1562, 85
1563, 79
1564, 81
1565, 79
1566, 83
1567, 81
1568, 78
1569, 73
1570, 77
1571, 70
1572, 71
1573, 80
1574, 81
1575, 88
1576, 81
1577, 71
1578, 73
1579, 87
1580, 87
1581, 79
1582, 83
1583, 84
1584, 79
1585, 85
1586, 82
1587, 83
1588, 74
1589, 74
1590, 81
1591, 68
1592, 81
1593, 69
1594, 87
1595, 71
1596, 86
1597, 95
1598, 72
1599, 84
1600, 73
1601, 80
1602, 71
1603, 85
1604, 74
1605, 83
1606, 79
1607, 73
1608, 83
1609, 91
1610, 84
1611, 82
1612, 78
1613, 89
1614, 87
1615, 79
1616, 91
1617, 77
1618, 91
1619, 73
1620, 88
1621, 81
1622, 80
1623, 78
1624, 83
1625, 79
1626, 83
1627, 82
1628, 83
1629, 69
1630, 85
1631, 80
1632, 78
1633, 82
1634, 80
1635, 80
1636, 84
1637, 80
1638, 76
1639, 80
1640, 78
1641, 84
1642, 89
1643, 71
1644, 84
1645, 80
1646, 87
1647, 81
1648, 79
1649, 70
1650, 82
1651, 83
1652, 79
1653, 83
1654, 76
1655, 69
1656, 79
1657, 78
1658, 87
1659, 78
1660, 73
1661, 75
1662, 85
1663, 83
1664, 85
1665, 91
1666, 72
1667, 80
1668, 79
1669, 78
1670, 70
1671, 90
1672, 74
1673, 74
1674, 76
1675, 81
1676, 87
1677, 78
1678, 92
1679, 73
1680, 84
1681, 80
1682, 82
1683, 85
1684, 74
1685, 77
1686, 83
1687, 79
1688, 88
1689, 79
1690, 78
1691, 76
1692, 78
1693, 74
1694, 86
1695, 85
1696, 76
1697, 73
1698, 84
1699, 75
1700, 80
1701, 68
1702, 84
1703, 82
1704, 72
1705, 84
1706, 82
1707, 83
1708, 82
1709, 76
1710, 85
1711, 75
1712, 81
1713, 84
1714, 82
1715, 74
1716, 81
1717, 82
1718, 87
1719, 68
1720, 75
1721, 80
1722, 71
1723, 89
1724, 88
1725, 80
1726, 81
1727, 88
1728, 77
1729, 89
1730, 85
1731, 69
1732, 88
1733, 76
1734, 84
1735, 71
1736, 75
1737, 83
1738, 85
1739, 87
1740, 80
1741, 77
1742, 73
1743, 83
1744, 80
1745, 94
1746, 88
1747, 76
1748, 84
1749, 92
1750, 71
1751, 79
1752, 88
1753, 81
1754, 93
1755, 82
1756, 79
1757, 85
1758, 85
1759, 71
1760, 77
1761, 78
1762, 87
1763, 73
1764, 79
1765, 82
1766, 83
1767, 81
1768, 83
1769, 78
1770, 75
1771, 74
1772, 70
1773, 88
1774, 97
1775, 86
1776, 73
1777, 75
1778, 66
1779, 83
1780, 81
1781, 75
1782, 84
1783, 88
1784, 86
1785, 81
1786, 76
1787, 84
1788, 71
1789, 71
1790, 78
1791, 69
1792, 87
1793, 82
1794, 81
1795, 82
1796, 72
1797, 78
1798, 93
1799, 68
1800, 69
1801, 79
1802, 83
1803, 79
1804, 78
1805, 73
1806, 72
1807, 85
1808, 77
1809, 83
1810, 80
1811, 79
1812, 82
1813, 88
1814, 85
1815, 76
1816, 71
1817, 75
1818, 88
1819, 84
1820, 81
1821, 73
1822, 80
1823, 74
1824, 86
1825, 73
1826, 83
1827, 67
1828, 85
1829, 78
1830, 80
1831, 79
1832, 85
1833, 84
1834, 92
1835, 81
1836, 78
1837, 79
1838, 82
1839, 81
1840, 83
1841, 79
1842, 74
1843, 87
1844, 68
1845, 74
1846, 84
1847, 91
1848, 79
1849, 79
1850, 82
1851, 81
1852, 82
1853, 90
1854, 78
1855, 82
1856, 78
1857, 81
1858, 75
1859, 75
1860, 89
1861, 76
1862, 69
1863, 71
1864, 63
1865, 95
1866, 68
1867, 89
1868, 90
1869, 77
1870, 81
1871, 77
1872, 80
1873, 85
1874, 70
1875, 83
1876, 74
1877, 73
1878, 84
1879, 79
1880, 85
1881, 75
1882, 78
1883, 84
1884, 72
1885, 84
1886, 73
1887, 77
1888, 82
1889, 80
1890, 80
1891, 77
1892, 100
1893, 78
1894, 76
1895, 83
1896, 80
1897, 84
1898, 83
1899, 78
1900, 67
1901, 82
1902, 82
1903, 83
1904, 71
1905, 74
1906, 77
1907, 76
1908, 83
1909, 82
1910, 78
1911, 79
1912, 84
1913, 83
1914, 71
1915, 79
1916, 83
1917, 88
1918, 83
1919, 73
1920, 80
1921, 78
1922, 78
1923, 81
1924, 82
1925, 78
1926, 78
1927, 70
1928, 77
1929, 89
1930, 82
1931, 80
1932, 86
1933, 78
1934, 76
1935, 85
1936, 78
1937, 80
1938, 76
1939, 86
1940, 80
1941, 85
1942, 76
1943, 70
1944, 83
1945, 70
1946, 72
1947, 89
1948, 78
1949, 85
1950, 69
1951, 83
1952, 74
1953, 79
1954, 85
1955, 72
1956, 79
1957, 82
1958, 76
1959, 75
1960, 83
1961, 77
1962, 79
1963, 92
1964, 72
1965, 93
1966, 82
1967, 77
1968, 80
1969, 95
1970, 92
1971, 89
1972, 77
1973, 77
1974, 81
1975, 73
1976, 92
1977, 77
1978, 77
1979, 85
1980, 87
1981, 91
1982, 81
1983, 87
1984, 78
1985, 74
1986, 83
1987, 78
1988, 86
1989, 72
1990, 79
1991, 90
1992, 78
1993, 77
1994, 76
1995, 76
1996, 88
1997, 69
1998, 73
1999, 69
2000, 83
2001, 81
2002, 74
2003, 77
2004, 76
2005, 82
2006, 79
2007, 77
2008, 69
2009, 79
2010, 75
2011, 91
2012, 84
2013, 79
2014, 83
2015, 72
2016, 76
2017, 77
2018, 84
2019, 90
2020, 66
2021, 78
2022, 81
2023, 84
2024, 91
2025, 81
2026, 78
2027, 82
2028, 75
2029, 81
2030, 83
2031, 83
2032, 75
2033, 82
2034, 70
2035, 78
2036, 81
2037, 78
2038, 80
2039, 88
2040, 84
2041, 77
2042, 82
2043, 90
2044, 73
2045, 82
2046, 75
2047, 85
2048, 82
2049, 78
2050, 85
2051, 79
2052, 88
2053, 82
2054, 66
2055, 78
2056, 81
2057, 87
2058, 90
2059, 72
2060, 85
2061, 71
2062, 85
2063, 70
2064, 85
2065, 82
2066, 82
2067, 78
2068, 80
2069, 73
2070, 78
2071, 72
2072, 75
2073, 84
2074, 85
2075, 75
2076, 73
2077, 73
2078, 77
2079, 79
2080, 73
2081, 82
2082, 79
2083, 85
2084, 91
2085, 73
2086, 90
2087, 68
2088, 86
2089, 89
2090, 80
2091, 89
2092, 83
2093, 79
2094, 64
2095, 87
2096, 82
2097, 84
2098, 79
2099, 75
2100, 77
2101, 70
2102, 83
2103, 80
2104, 82
2105, 73
2106, 74
2107, 87
2108, 86
2109, 83
2110, 73
2111, 80
2112, 74
2113, 83
2114, 78
2115, 70
2116, 92
2117, 83
2118, 83
2119, 75
2120, 72
2121, 84
2122, 68
2123, 75
2124, 79
2125, 88
2126, 84
2127, 76
2128, 70
2129, 75
2130, 81
2131, 77
2132, 79
2133, 69
2134, 79
2135, 67
2136, 69
2137, 86
2138, 79
2139, 69
2140, 70
2141, 74
2142, 79
2143, 82
2144, 91
2145, 73
2146, 85
2147, 82
2148, 73
2149, 86
2150, 83
2151, 84
2152, 76
2153, 83
2154, 79
2155, 80
2156, 84
2157, 75
2158, 75
2159, 81
2160, 80
2161, 76
2162, 77
2163, 79
2164, 71
2165, 78
2166, 78
2167, 73
2168, 79
2169, 78
2170, 74
2171, 76
2172, 78
2173, 80
2174, 78
2175, 87
2176, 79
2177, 97
2178, 78
2179, 86
2180, 76
2181, 79
2182, 76
2183, 72
2184, 67
2185, 82
2186, 77
2187, 87
2188, 68
2189, 77
2190, 83
2191, 78
2192, 87
2193, 76
2194, 81
2195, 93
2196, 85
2197, 68
2198, 83
2199, 86
2200, 83
2201, 81
2202, 89
2203, 88
2204, 85
2205, 78
2206, 78
2207, 77
2208, 79
2209, 89
2210, 82
2211, 80
2212, 83
2213, 82
2214, 76
2215, 71
2216, 83
2217, 87
2218, 76
2219, 84
2220, 71
2221, 88
2222, 97
2223, 83
2224, 90
2225, 81
2226, 78
2227, 76
2228, 75
2229, 89
2230, 75
2231, 79
2232, 80
2233, 73
2234, 85
2235, 77
2236, 76
2237, 81
2238, 83
2239, 85
2240, 78
2241, 77
2242, 77
2243, 86
2244, 64
2245, 65
2246, 84
2247, 82
2248, 74
2249, 85
2250, 76
2251, 80
2252, 86
2253, 71
2254, 86
2255, 73
2256, 82
2257, 90
2258, 85
2259, 76
2260, 80
2261, 72
2262, 85
2263, 80
2264, 90
2265, 74
2266, 87
2267, 85
2268, 93
2269, 86
2270, 85
2271, 82
2272, 76
2273, 83
2274, 82
2275, 70
2276, 79
2277, 85
2278, 88
2279, 71
2280, 76
2281, 86
2282, 73
2283, 79
2284, 79
2285, 83
2286, 76
2287, 79
2288, 85
2289, 80
2290, 85
2291, 74
2292, 90
2293, 74
2294, 87
2295, 88
2296, 89
2297, 75
2298, 90
2299, 79
2300, 80
2301, 80
2302, 82
2303, 84
2304, 81
2305, 83
2306, 83
2307, 75
2308, 73
2309, 85
2310, 72
2311, 89
2312, 85
2313, 76
2314, 88
2315, 82
2316, 89
2317, 77
2318, 92
2319, 81
2320, 85
2321, 84
2322, 80
2323, 73
2324, 87
2325, 87
2326, 75
2327, 83
2328, 80
2329, 82
2330, 80
2331, 81
2332, 88
2333, 83
2334, 74
2335, 83
2336, 81
2337, 86
2338, 80
2339, 82
2340, 68
2341, 67
2342, 85
2343, 80
2344, 79
2345, 73
2346, 86
2347, 79
2348, 79
2349, 80
2350, 76
2351, 78
2352, 70
2353, 81
2354, 81
2355, 73
2356, 85
2357, 72
2358, 77
2359, 84
2360, 87
2361, 81
2362, 78
2363, 78
2364, 80
2365, 85
2366, 82
2367, 78
2368, 79
2369, 78
2370, 79
2371, 72
2372, 89
2373, 80
2374, 85
2375, 84
2376, 83
2377, 79
2378, 78
2379, 76
2380, 87
2381, 79
2382, 83
2383, 81
2384, 80
2385, 81
2386, 83
2387, 84
2388, 71
2389, 80
2390, 81
2391, 86
2392, 77
2393, 76
2394, 88
2395, 77
2396, 83
2397, 86
2398, 91
2399, 87
2400, 88
2401, 76
2402, 69
2403, 80
2404, 79
2405, 70
2406, 83
2407, 75
2408, 90
2409, 80
2410, 79
2411, 69
2412, 87
2413, 87
2414, 71
2415, 79
2416, 79
2417, 69
2418, 79
2419, 81
2420, 80
2421, 77
2422, 70
2423, 85
2424, 82
2425, 80
2426, 85
2427, 77
2428, 64
2429, 85
2430, 81
2431, 87
2432, 76
2433, 86
2434, 95
2435, 71
2436, 83
2437, 85
2438, 69
2439, 77
2440, 76
2441, 75
2442, 86
2443, 74
2444, 63
2445, 72
2446, 79
2447, 85
2448, 85
2449, 79
2450, 85
2451, 77
2452, 69
2453, 74
2454, 76
2455, 77
2456, 72
2457, 72
2458, 90
2459, 77
2460, 88
2461, 89
2462, 76
2463, 79
2464, 76
2465, 82
2466, 87
2467, 77
2468, 74
2469, 80
2470, 89
2471, 80
2472, 82
2473, 80
2474, 69
2475, 76
2476, 85
2477, 77
2478, 83
2479, 84
2480, 78
2481, 78
2482, 78
2483, 95
2484, 77
2485, 81
2486, 76
2487, 82
2488, 86
2489, 81
2490, 79
2491, 91
2492, 75
2493, 84
2494, 92
2495, 73
2496, 82
2497, 65
2498, 89
2499, 80
2500, 83
2501, 78
2502, 80
2503, 81
2504, 79
2505, 80
2506, 80
2507, 81
2508, 72
2509, 88
2510, 73
2511, 80
2512, 84
2513, 82
2514, 85
2515, 78
2516, 82
2517, 78
2518, 80
2519, 87
2520, 79
2521, 89
2522, 88
2523, 91
2524, 77
2525, 84
2526, 72
2527, 78
2528, 80
2529, 79
2530, 70
2531, 78
2532, 81
2533, 80
2534, 86
2535, 71
2536, 88
2537, 88
2538, 83
2539, 79
2540, 84
2541, 79
2542, 83
2543, 79
2544, 79
2545, 75
2546, 83
2547, 90
2548, 79
2549, 80
2550, 86
2551, 72
2552, 84
2553, 82
2554, 89
2555, 79
2556, 81
2557, 75
2558, 77
2559, 70
2560, 84
2561, 84
2562, 78
2563, 80
2564, 72
2565, 71
2566, 75
2567, 80
2568, 79
2569, 82
2570, 82
2571, 75
2572, 86
2573, 73
2574, 89
2575, 82
2576, 77
2577, 84
2578, 87
2579, 81
2580, 77
2581, 80
2582, 78
2583, 74
2584, 72
2585, 81
2586, 68
2587, 84
2588, 73
2589, 77
2590, 90
2591, 83
2592, 77
2593, 77
2594, 90
2595, 86
2596, 71
2597, 76
2598, 85
2599, 81
2600, 82
2601, 93
2602, 77
2603, 80
2604, 78
2605, 74
2606, 81
2607, 73
2608, 75
2609, 86
2610, 92
2611, 86
2612, 76
2613, 83
2614, 85
2615, 96
2616, 83
2617, 72
2618, 84
2619, 74
2620, 82
2621, 81
2622, 72
2623, 82
2624, 72
2625, 79
2626, 69
2627, 73
2628, 82
2629, 80
2630, 75
2631, 89
2632, 83
2633, 79
2634, 74
2635, 89
2636, 97
2637, 81
2638, 84
2639, 86
2640, 76
2641, 87
2642, 77
2643, 82
2644, 94
2645, 88
2646, 81
2647, 78
2648, 82
2649, 85
2650, 76
2651, 76
2652, 80
2653, 80
2654, 89
2655, 80
2656, 78
2657, 79
2658, 84
2659, 73
2660, 72
2661, 81
2662, 72
2663, 85
2664, 86
2665, 81
2666, 83
2667, 78
2668, 77
2669, 82
2670, 78
2671, 82
2672, 91
2673, 82
2674, 82
2675, 82
2676, 83
2677, 73
2678, 79
2679, 75
2680, 79
2681, 80
2682, 84
2683, 75
2684, 79
2685, 84
2686, 77
2687, 78
2688, 77
2689, 74
2690, 81
2691, 81
2692, 88
2693, 79
2694, 72
2695, 86
2696, 81
2697, 68
2698, 90
2699, 88
2700, 81
2701, 90
2702, 84
2703, 83
2704, 81
2705, 90
2706, 82
2707, 79
2708, 78
2709, 71
2710, 75
2711, 75
2712, 72
2713, 85
2714, 87
2715, 89
2716, 90
2717, 80
2718, 87
2719, 72
2720, 85
2721, 73
2722, 95
2723, 86
2724, 80
2725, 85
2726, 75
2727, 70
2728, 79
2729, 80
2730, 88
2731, 84
2732, 69
2733, 81
2734, 79
2735, 80
2736, 79
2737, 81
2738, 75
2739, 83
2740, 76
2741, 75
2742, 85
2743, 80
2744, 91
2745, 77
2746, 70
2747, 83
2748, 92
2749, 71
2750, 74
2751, 82
2752, 82
2753, 94
2754, 73
2755, 82
2756, 82
2757, 79
2758, 89
2759, 87
2760, 71
2761, 65
2762, 72
2763, 88
2764, 82
2765, 83
2766, 90
2767, 71
2768, 90
2769, 83
2770, 85
2771, 79
2772, 81
2773, 79
2774, 76
2775, 82
2776, 73
2777, 80
2778, 82
2779, 87
2780, 67
2781, 66
2782, 80
2783, 67
2784, 77
2785, 80
2786, 80
2787, 93
2788, 88
2789, 83
2790, 81
2791, 65
2792, 82
2793, 68
2794, 82
2795, 72
2796, 85
2797, 75
2798, 75
2799, 88
2800, 85
2801, 82
2802, 75
2803, 88
2804, 77
2805, 88
2806, 73
2807, 79
2808, 76
2809, 81
2810, 81
2811, 85
2812, 74
2813, 83
2814, 86
2815, 80
2816, 92
2817, 81
2818, 84
2819, 78
2820, 75
2821, 85
2822, 80
2823, 79
2824, 67
2825, 80
2826, 72
2827, 73
2828, 77
2829, 74
2830, 72
2831, 77
2832, 77
2833, 71
2834, 80
2835, 80
2836, 82
2837, 73
2838, 81
2839, 83
2840, 87
2841, 70
2842, 74
2843, 82
2844, 80
2845, 77
2846, 81
2847, 83
2848, 80
2849, 73
2850, 80
2851, 84
2852, 68
2853, 82
2854, 86
2855, 83
2856, 79
2857, 88
2858, 76
2859, 71
2860, 75
2861, 83
2862, 78
2863, 73
2864, 84
2865, 74
2866, 87
2867, 71
2868, 82
2869, 75
2870, 76
2871, 82
2872, 77
2873, 75
2874, 86
2875, 82
2876, 79
2877, 77
2878, 87
2879, 81
2880, 82
2881, 81
2882, 77
2883, 86
2884, 80
2885, 78
2886, 78
2887, 83
2888, 91
2889, 86
2890, 84
2891, 82
2892, 84
2893, 74
2894, 74
2895, 81
2896, 79
2897, 73
2898, 73
2899, 81
2900, 77
2901, 72
2902, 73
2903, 88
2904, 79
2905, 95
2906, 81
2907, 80
2908, 95
2909, 85
2910, 69
2911, 81
2912, 93
2913, 83
2914, 67
2915, 79
2916, 92
2917, 77
2918, 75
2919, 72
2920, 76
2921, 87
2922, 80
2923, 73
2924, 85
2925, 85
2926, 80
2927, 85
2928, 79
2929, 87
2930, 82
2931, 77
2932, 90
2933, 64
2934, 74
2935, 85
2936, 87
2937, 79
2938, 80
2939, 70
2940, 68
2941, 84
2942, 86
2943, 70
2944, 84
2945, 76
2946, 90
2947, 81
2948, 75
2949, 81
2950, 70
2951, 78
2952, 74
2953, 82
2954, 79
2955, 77
2956, 74
2957, 82
2958, 78
2959, 76
2960, 85
2961, 72
2962, 73
2963, 86
2964, 75
2965, 75
2966, 81
2967, 87
2968, 82
2969, 84
2970, 75
2971, 83
2972, 85
2973, 86
2974, 71
2975, 72
2976, 88
2977, 77
2978, 89
2979, 75
2980, 76
2981, 72
2982, 84
2983, 102
2984, 76
2985, 71
2986, 90
2987, 90
2988, 73
2989, 71
2990, 82
2991, 83
2992, 87
2993, 79
2994, 82
2995, 82
2996, 89
2997, 93
2998, 76
2999, 82
3000, 84
3001, 81
3002, 91
3003, 82
3004, 70
3005, 78
3006, 88
3007, 87
3008, 81
3009, 83
3010, 81
3011, 91
3012, 83
3013, 85
3014, 74
3015, 75
3016, 89
3017, 78
3018, 71
3019, 78
3020, 82
3021, 74
3022, 81
3023, 74
3024, 80
3025, 71
3026, 81
3027, 82
3028, 77
3029, 92
3030, 81
3031, 90
3032, 77
3033, 84
3034, 78
3035, 77
3036, 81
3037, 76
3038, 74
3039, 82
3040, 80
3041, 87
3042, 86
3043, 84
3044, 78
3045, 89
3046, 86
3047, 83
3048, 76
3049, 74
3050, 87
3051, 81
3052, 76
3053, 84
3054, 81
3055, 86
3056, 78
3057, 81
3058, 88
3059, 72
3060, 78
3061, 67
3062, 82
3063, 83
3064, 88
3065, 73
3066, 86
3067, 81
3068, 71
3069, 71
3070, 75
3071, 69
3072, 77
3073, 77
3074, 84
3075, 75
3076, 88
3077, 69
3078, 82
3079, 87
3080, 77
3081, 77
3082, 80
3083, 84
3084, 67
3085, 75
3086, 79
3087, 82
3088, 81
3089, 91
3090, 83
3091, 84
3092, 81
3093, 90
3094, 88
3095, 81
3096, 72
3097, 95
3098, 75
3099, 88
3100, 88
3101, 84
3102, 77
3103, 75
3104, 83
3105, 78
3106, 79
3107, 90
3108, 88
3109, 89
3110, 66
3111, 76
3112, 84
3113, 77
3114, 78
3115, 78
3116, 75
3117, 84
3118, 71
3119, 78
3120, 79
3121, 83
3122, 87
3123, 87
3124, 86
3125, 80
3126, 83
3127, 78
3128, 75
3129, 73
3130, 84
3131, 82
3132, 83
3133, 68
3134, 85
3135, 81
3136, 83
3137, 73
3138, 75
3139, 80
3140, 85
3141, 79
3142, 79
3143, 79
3144, 72
3145, 88
3146, 73
3147, 80
3148, 85
3149, 77
3150, 75
3151, 80
3152, 84
3153, 87
3154, 78
3155, 78
3156, 78
3157, 83
3158, 68
3159, 74
3160, 77
3161, 87
3162, 92
3163, 70
3164, 89
3165, 82
3166, 85
3167, 81
3168, 79
3169, 68
3170, 79
3171, 82
3172, 78
3173, 82
3174, 74
3175, 71
3176, 81
3177, 78
3178, 73
3179, 77
3180, 78
3181, 86
3182, 89
3183, 74
3184, 83
3185, 83
3186, 80
3187, 76
3188, 78
3189, 82
3190, 77
3191, 82
3192, 92
3193, 77
3194, 85
3195, 85
3196, 88
3197, 78
3198, 79
3199, 87
3200, 81
3201, 88
3202, 88
3203, 74
3204, 77
3205, 86
3206, 87
3207, 76
3208, 85
3209, 82
3210, 76
3211, 79
3212, 87
3213, 75
3214, 83
3215, 76
3216, 93
3217, 75
3218, 80
3219, 81
3220, 94
3221, 78
3222, 82
3223, 81
3224, 90
3225, 82
3226, 81
3227, 81
3228, 70
3229, 76
3230, 85
3231, 74
3232, 78
3233, 72
3234, 76
3235, 81
3236, 71
3237, 83
3238, 82
3239, 80
3240, 80
3241, 69
3242, 77
3243, 85
3244, 80
3245, 80
3246, 93
3247, 74
3248, 69
3249, 82
3250, 72
3251, 71
3252, 76
3253, 80
3254, 78
3255, 80
3256, 74
3257, 78
3258, 85
3259, 82
3260, 79
3261, 88
3262, 81
3263, 96
3264, 71
3265, 87
3266, 84
3267, 79
3268, 72
3269, 69
3270, 83
3271, 78
3272, 74
3273, 72
3274, 75
3275, 84
3276, 79
3277, 84
3278, 77
3279, 79
3280, 79
3281, 90
3282, 84
3283, 79
3284, 81
3285, 71
3286, 71
3287, 81
3288, 85
3289, 81
3290, 81
3291, 75
3292, 88
3293, 82
3294, 76
3295, 73
3296, 91
3297, 96
3298, 76
3299, 75
3300, 80
3301, 92
3302, 78
3303, 84
3304, 81
3305, 79
3306, 72
3307, 67
3308, 79
3309, 85
3310, 85
3311, 76
3312, 89
3313, 76
3314, 93
3315, 81
3316, 75
3317, 79
3318, 82
3319, 87
3320, 76
3321, 68
3322, 81
3323, 77
3324, 91
3325, 78
3326, 85
3327, 74
3328, 80
3329, 78
3330, 82
3331, 79
3332, 95
3333, 88
3334, 64
3335, 77
3336, 83
3337, 98
3338, 74
3339, 81
3340, 81
3341, 74
3342, 67
3343, 72
3344, 76
3345, 80
3346, 73
3347, 82
3348, 77
3349, 70
3350, 83
3351, 89
3352, 72
3353, 73
3354, 80
3355, 73
3356, 78
3357, 75
3358, 81
3359, 85
3360, 86
3361, 85
3362, 77
3363, 84
3364, 91
3365, 78
3366, 87
3367, 85
3368, 75
3369, 78
3370, 79
3371, 73
3372, 76
3373, 82
3374, 86
3375, 88
3376, 79
3377, 79
3378, 90
3379, 79
3380, 77
3381, 80
3382, 86
3383, 72
3384, 72
3385, 77
3386, 86
3387, 74
3388, 66
3389, 74
3390, 73
3391, 84
3392, 77
3393, 63
3394, 75
3395, 85
3396, 84
3397, 77
3398, 71
3399, 84
3400, 74
3401, 79
3402, 90
3403, 87
3404, 80
3405, 82
3406, 79
3407, 78
3408, 82
3409, 76
3410, 89
3411, 84
3412, 85
3413, 87
3414, 76
3415, 82
3416, 90
3417, 82
3418, 74
3419, 75
3420, 83
3421, 84
3422, 88
3423, 77
3424, 82
3425, 87
3426, 69
3427, 75
3428, 79
3429, 72
3430, 83
3431, 83
3432, 86
3433, 85
3434, 81
3435, 81
3436, 81
3437, 81
3438, 87
3439, 78
3440, 82
3441, 83
3442, 85
3443, 82
3444, 86
3445, 83
3446, 83
3447, 82
3448, 74
3449, 91
3450, 73
3451, 86
3452, 88
3453, 83
3454, 76
3455, 68
3456, 81
3457, 96
3458, 81
3459, 88
3460, 78
3461, 81
3462, 79
3463, 77
3464, 83
3465, 87
3466, 84
3467, 81
3468, 66
3469, 75
3470, 78
3471, 80
3472, 81
3473, 100
3474, 72
3475, 81
3476, 92
3477, 92
3478, 80
3479, 76
3480, 77
3481, 79
3482, 77
3483, 82
3484, 82
3485, 96
3486, 66
3487, 72
3488, 73
3489, 74
3490, 77
3491, 72
3492, 85
3493, 64
3494, 83
3495, 97
3496, 76
3497, 76
3498, 76
3499, 80
3500, 80
3501, 83
3502, 74
3503, 58
3504, 80
3505, 88
3506, 69
3507, 81
3508, 81
3509, 77
3510, 72
3511, 79
3512, 74
3513, 75
3514, 86
3515, 81
3516, 69
3517, 85
3518, 80
3519, 87
3520, 83
3521, 86
3522, 78
3523, 79
3524, 81
3525, 76
3526, 78
3527, 82
3528, 73
3529, 73
3530, 82
3531, 76
3532, 70
3533, 76
3534, 85
3535, 86
3536, 72
3537, 77
3538, 81
3539, 86
3540, 77
3541, 73
3542, 84
3543, 86
3544, 79
3545, 76
3546, 79
3547, 79
3548, 80
3549, 87
3550, 85
3551, 87
3552, 84
3553, 74
3554, 76
3555, 82
3556, 73
3557, 73
3558, 84
3559, 81
3560, 80
3561, 82
3562, 91
3563, 81
3564, 78
3565, 77
3566, 78
3567, 76
3568, 72
3569, 101
3570, 68
3571, 75
3572, 90
3573, 70
3574, 81
3575, 75
3576, 85
3577, 81
3578, 69
3579, 82
3580, 60
3581, 78
3582, 80
3583, 77
3584, 74
3585, 81
3586, 90
3587, 74
3588, 81
3589, 80
3590, 76
3591, 89
3592, 74
3593, 83
3594, 83
3595, 84
3596, 83
3597, 89
3598, 79
3599, 78
3600, 81
3601, 75
3602, 73
3603, 85
3604, 82
3605, 88
3606, 79
3607, 82
3608, 89
3609, 83
3610, 81
3611, 87
3612, 78
3613, 87
3614, 84
3615, 78
3616, 78
3617, 81
3618, 83
3619, 86
3620, 92
3621, 93
3622, 71
3623, 81
3624, 73
3625, 74
3626, 76
3627, 84
3628, 85
3629, 89
3630, 79
3631, 71
3632, 71
3633, 78
3634, 84
3635, 80
3636, 82
3637, 75
3638, 75
3639, 92
3640, 74
3641, 80
3642, 85
3643, 80
3644, 76
3645, 78
3646, 80
3647, 75
3648, 74
3649, 78
3650, 92
3651, 82
3652, 86
3653, 82
3654, 87
3655, 83
3656, 88
3657, 77
3658, 77
3659, 98
3660, 85
3661, 80
3662, 69
3663, 77
3664, 76
3665, 85
3666, 83
3667, 74
3668, 86
3669, 83
3670, 74
3671, 81
3672, 81
3673, 77
3674, 83
3675, 84
3676, 84
3677, 84
3678, 78
3679, 77
3680, 77
3681, 78
3682, 84
3683, 82
3684, 71
3685, 78
3686, 74
3687, 73
3688, 76
3689, 71
3690, 77
3691, 77
3692, 71
3693, 86
3694, 72
3695, 90
3696, 83
3697, 81
3698, 76
3699, 85
3700, 78
3701, 72
3702, 75
3703, 77
3704, 74
3705, 81
3706, 91
3707, 76
3708, 77
3709, 73
3710, 91
3711, 68
3712, 83
3713, 87
3714, 75
3715, 83
3716, 82
3717, 80
3718, 78
3719, 86
3720, 82
3721, 72
3722, 81
3723, 77
3724, 76
3725, 79
3726, 81
3727, 81
3728, 71
3729, 64
3730, 72
3731, 78
3732, 75
3733, 83
3734, 92
3735, 83
3736, 77
3737, 84
3738, 86
3739, 82
3740, 79
3741, 71
3742, 85
3743, 91
3744, 77
3745, 67
3746, 86
3747, 86
3748, 85
3749, 81
3750, 85
3751, 86
3752, 76
3753, 79
3754, 75
3755, 72
3756, 83
3757, 81
3758, 68
3759, 82
3760, 80
3761, 77
3762, 88
3763, 83
3764, 69
3765, 81
3766, 92
3767, 77
3768, 86
3769, 86
3770, 75
3771, 69
3772, 78
3773, 80
3774, 85
3775, 88
3776, 84
3777, 84
3778, 81
3779, 70
3780, 69
3781, 77
3782, 84
3783, 71
3784, 82
3785, 82
3786, 82
3787, 86
3788, 80
3789, 71
3790, 73
3791, 79
3792, 88
3793, 85
3794, 83
3795, 82
3796, 91
3797, 77
3798, 79
3799, 86
3800, 80
3801, 75
3802, 73
3803, 83
3804, 92
3805, 81
3806, 75
3807, 72
3808, 85
3809, 84
3810, 80
3811, 75
3812, 81
3813, 88
3814, 80
3815, 73
3816, 80
3817, 87
3818, 80
3819, 78
3820, 84
3821, 84
3822, 81
3823, 81
3824, 86
3825, 80
3826, 74
3827, 76
3828, 76
3829, 84
3830, 80
3831, 76
3832, 77
3833, 75
3834, 93
3835, 85
3836, 78
3837, 89
3838, 74
3839, 82
3840, 93
3841, 74
3842, 81
3843, 77
3844, 71
3845, 80
3846, 80
3847, 90
3848, 75
3849, 68
3850, 71
3851, 79
3852, 86
3853, 78
3854, 81
3855, 88
3856, 74
3857, 79
3858, 73
3859, 77
3860, 75
3861, 78
3862, 80
3863, 77
3864, 75
3865, 72
3866, 67
3867, 78
3868, 60
3869, 80
3870, 69
3871, 68
3872, 79
3873, 78
3874, 79
3875, 73
3876, 81
3877, 87
3878, 77
3879, 86
3880, 75
3881, 78
3882, 75
3883, 81
3884, 72
3885, 77
3886, 86
3887, 82
3888, 75
3889, 73
3890, 80
3891, 82
3892, 78
3893, 76
3894, 80
3895, 77
3896, 68
3897, 76
3898, 83
3899, 92
3900, 84
3901, 84
3902, 78
3903, 79
3904, 83
3905, 83
3906, 87
3907, 77
3908, 77
3909, 84
3910, 72
3911, 76
3912, 78
3913, 84
3914, 85
3915, 92
3916, 94
3917, 77
3918, 85
3919, 75
3920, 77
3921, 72
3922, 91
3923, 76
3924, 82
3925, 85
3926, 89
3927, 80
3928, 77
3929, 77
3930, 87
3931, 77
3932, 74
3933, 75
3934, 76
3935, 75
3936, 81
3937, 87
3938, 82
3939, 93
3940, 80
3941, 90
3942, 87
3943, 71
3944, 77
3945, 79
3946, 82
3947, 83
3948, 82
3949, 83
3950, 74
3951, 83
3952, 74
3953, 69
3954, 80
3955, 77
3956, 78
3957, 83
3958, 83
3959, 81
3960, 87
3961, 90
3962, 75
3963, 76
3964, 81
3965, 86
3966, 84
3967, 85
3968, 82
3969, 86
3970, 81
3971, 88
3972, 86
3973, 94
3974, 84
3975, 79
3976, 76
3977, 76
3978, 73
3979, 99
3980, 76
3981, 80
3982, 89
3983, 80
3984, 81
3985, 80
3986, 77
3987, 88
3988, 86
3989, 78
3990, 85
3991, 75
3992, 79
3993, 79
3994, 77
3995, 79
3996, 82
3997, 81
3998, 79
3999, 74
4000, 86
4001, 85
4002, 79
4003, 69
4004, 80
4005, 80
4006, 88
4007, 83
4008, 82
4009, 82
4010, 78
4011, 81
4012, 78
4013, 85
4014, 75
4015, 77
4016, 75
4017, 74
4018, 80
4019, 72
4020, 85
4021, 84
4022, 81
4023, 84
4024, 78
4025, 76
4026, 74
4027, 83
4028, 72
4029, 83
4030, 82
4031, 75
4032, 82
4033, 80
4034, 91
4035, 80
4036, 81
4037, 75
4038, 76
4039, 74
4040, 80
4041, 87
4042, 78
4043, 80
4044, 82
4045, 73
4046, 82
4047, 84
4048, 81
4049, 74
4050, 88
4051, 76
4052, 77
4053, 82
4054, 73
4055, 82
4056, 73
4057, 79
4058, 78
4059, 86
4060, 78
4061, 80
4062, 74
4063, 80
4064, 90
4065, 73
4066, 87
4067, 75
4068, 90
4069, 78
4070, 78
4071, 86
4072, 76
4073, 86
4074, 79
4075, 75
4076, 82
4077, 89
4078, 78
4079, 88
4080, 86
4081, 74
4082, 87
4083, 77
4084, 77
4085, 85
4086, 81
4087, 84
4088, 69
4089, 80
4090, 85
4091, 79
4092, 80
4093, 75
4094, 80
4095, 86
4096, 76
4097, 82
4098, 74
4099, 87
4100, 86
4101, 80
4102, 74
4103, 73
4104, 72
4105, 85
4106, 80
4107, 72
4108, 84
4109, 87
4110, 86
4111, 88
4112, 88
4113, 85
4114, 83
4115, 75
4116, 85
4117, 62
4118, 81
4119, 85
4120, 87
4121, 77
4122, 87
4123, 81
4124, 94
4125, 84
4126, 73
4127, 74
4128, 74
4129, 87
4130, 77
4131, 67
4132, 81
4133, 77
4134, 85
4135, 77
4136, 79
4137, 84
4138, 80
4139, 68
4140, 82
4141, 74
4142, 74
4143, 79
4144, 90
4145, 92
4146, 76
4147, 74
4148, 81
4149, 84
4150, 86
4151, 81
4152, 83
4153, 92
4154, 76
4155, 72
4156, 77
4157, 77
4158, 82
4159, 73
4160, 78
4161, 78
4162, 80
4163, 82
4164, 82
4165, 87
4166, 90
4167, 74
4168, 82
4169, 84
4170, 82
4171, 78
4172, 82
4173, 98
4174, 70
4175, 84
4176, 79
4177, 76
4178, 81
4179, 81
4180, 86
4181, 79
4182, 82
4183, 78
4184, 82
4185, 78
4186, 77
4187, 71
4188, 71
4189, 82
4190, 82
4191, 89
4192, 74
4193, 84
4194, 81
4195, 81
4196, 85
4197, 81
4198, 83
4199, 90
4200, 79
4201, 73
4202, 80
4203, 77
4204, 76
4205, 80
4206, 79
4207, 78
4208, 78
4209, 76
4210, 77
4211, 71
4212, 73
4213, 79
4214, 80
4215, 90
4216, 78
4217, 85
4218, 91
4219, 82
4220, 78
4221, 86
4222, 81
4223, 82
4224, 87
4225, 86
4226, 89
4227, 92
4228, 84
4229, 81
4230, 77
4231, 83
4232, 88
4233, 73
4234, 78
4235, 80
4236, 76
4237, 66
4238, 78
4239, 82
4240, 75
4241, 99
4242, 75
4243, 81
4244, 85
4245, 87
4246, 89
4247, 85
4248, 77
4249, 74
4250, 88
4251, 88
4252, 88
4253, 76
4254, 80
4255, 75
4256, 80
4257, 81
4258, 74
4259, 86
4260, 87
4261, 76
4262, 83
4263, 77
4264, 82
4265, 80
4266, 75
4267, 70
4268, 78
4269, 78
4270, 80
4271, 74
4272, 88
4273, 78
4274, 84
4275, 74
4276, 78
4277, 67
4278, 84
4279, 82
4280, 84
4281, 83
4282, 82
4283, 90
4284, 74
4285, 72
4286, 82
4287, 69
4288, 88
4289, 73
4290, 85
4291, 83
4292, 85
4293, 70
4294, 79
4295, 83
4296, 72
4297, 79
4298, 65
4299, 71
4300, 72
4301, 83
4302, 84
4303, 75
4304, 73
4305, 88
4306, 87
4307, 80
4308, 80
4309, 83
4310, 79
4311, 80
4312, 82
4313, 77
4314, 82
4315, 87
4316, 84
4317, 74
4318, 72
4319, 85
4320, 83
4321, 88
4322, 90
4323, 85
4324, 83
4325, 81
4326, 87
4327, 71
4328, 84
4329, 71
4330, 75
4331, 90
4332, 73
4333, 82
4334, 91
4335, 77
4336, 88
4337, 83
4338, 80
4339, 83
4340, 72
4341, 83
4342, 78
4343, 83
4344, 77
4345, 83
4346, 76
4347, 81
4348, 78
4349, 89
4350, 67
4351, 77
4352, 87
4353, 84
4354, 87
4355, 74
4356, 85
4357, 69
4358, 76
4359, 68
4360, 89
4361, 91
4362, 84
4363, 86
4364, 78
4365, 86
4366, 75
4367, 84
4368, 79
4369, 81
4370, 78
4371, 88
4372, 87
4373, 83
4374, 87
4375, 87
4376, 83
4377, 81
4378, 74
4379, 78
4380, 72
4381, 83
4382, 81
4383, 85
4384, 84
4385, 87
4386, 71
4387, 86
4388, 81
4389, 74
4390, 83
4391, 80
4392, 82
4393, 74
4394, 77
4395, 76
4396, 82
4397, 77
4398, 90
4399, 83
4400, 74
4401, 82
4402, 70
4403, 68
4404, 71
4405, 87
4406, 78
4407, 74
4408, 83
4409, 70
4410, 76
4411, 82
4412, 76
4413, 88
4414, 72
4415, 82
4416, 71
4417, 77
4418, 79
4419, 78
4420, 91
4421, 78
4422, 84
4423, 86
4424, 80
4425, 77
4426, 68
4427, 84
4428, 87
4429, 72
4430, 76
4431, 87
4432, 73
4433, 77
4434, 88
4435, 65
4436, 75
4437, 83
4438, 78
4439, 78
4440, 72
4441, 71
4442, 85
4443, 79
4444, 84
4445, 82
4446, 79
4447, 76
4448, 83
4449, 77
4450, 85
4451, 91
4452, 86
4453, 77
4454, 81
4455, 86
4456, 85
4457, 78
4458, 98
4459, 81
4460, 80
4461, 75
4462, 80
4463, 81
4464, 79
4465, 79
4466, 72
4467, 82
4468, 85
4469, 82
4470, 74
4471, 75
4472, 86
4473, 88
4474, 79
4475, 69
4476, 78
4477, 73
4478, 72
4479, 75
4480, 96
4481, 77
4482, 79
4483, 83
4484, 81
4485, 86
4486, 82
4487, 85
4488, 92
4489, 81
4490, 87
4491, 73
4492, 82
4493, 72
4494, 80
4495, 81
4496, 83
4497, 82
4498, 74
4499, 81
4500, 94
4501, 78
4502, 73
4503, 85
4504, 80
4505, 78
4506, 78
4507, 82
4508, 82
4509, 80
4510, 81
4511, 76
4512, 73
4513, 70
4514, 88
4515, 71
4516, 86
4517, 70
4518, 83
4519, 73
4520, 78
4521, 100
4522, 78
4523, 76
4524, 81
4525, 78
4526, 83
4527, 75
4528, 78
4529, 64
4530, 79
4531, 73
4532, 76
4533, 84
4534, 83
4535, 87
4536, 83
4537, 77
4538, 75
4539, 84
4540, 73
4541, 84
4542, 89
4543, 81
4544, 86
4545, 88
4546, 72
4547, 78
4548, 77
4549, 68
4550, 74
4551, 90
4552, 90
4553, 71
4554, 84
4555, 94
4556, 82
4557, 72
4558, 74
4559, 93
4560, 85
4561, 69
4562, 84
4563, 77
4564, 83
4565, 75
4566, 87
4567, 72
4568, 71
4569, 84
4570, 87
4571, 85
4572, 73
4573, 82
4574, 78
4575, 74
4576, 81
4577, 72
4578, 80
4579, 82
4580, 74
4581, 85
4582, 79
4583, 90
4584, 77
4585, 85
4586, 80
4587, 73
4588, 78
4589, 74
4590, 78
4591, 87
4592, 85
4593, 76
4594, 77
4595, 80
4596, 75
4597, 82
4598, 83
4599, 89
4600, 71
4601, 87
4602, 84
4603, 80
4604, 80
4605, 88
4606, 79
4607, 75
4608, 87
4609, 83
4610, 75
4611, 78
4612, 85
4613, 82
4614, 81
4615, 87
4616, 79
4617, 83
4618, 83
4619, 86
4620, 70
4621, 78
4622, 76
4623, 86
4624, 82
4625, 84
4626, 79
4627, 74
4628, 77
4629, 78
4630, 81
4631, 81
4632, 80
4633, 89
4634, 85
4635, 78
4636, 78
4637, 75
4638, 71
4639, 80
4640, 70
4641, 80
4642, 82
4643, 75
4644, 85
4645, 82
4646, 86
4647, 72
4648, 85
4649, 83
4650, 73
4651, 71
4652, 82
4653, 84
4654, 73
4655, 81
4656, 72
4657, 70
4658, 69
4659, 85
4660, 74
4661, 90
4662, 82
4663, 89
4664, 81
4665, 85
4666, 85
4667, 90
4668, 85
4669, 76
4670, 81
4671, 81
4672, 88
4673, 64
4674, 69
4675, 81
4676, 85
4677, 79
4678, 75
4679, 78
4680, 80
4681, 80
4682, 88
4683, 67
4684, 89
4685, 81
4686, 78
4687, 84
4688, 74
4689, 83
4690, 72
4691, 90
4692, 81
4693, 86
4694, 77
4695, 83
4696, 79
4697, 79
4698, 80
4699, 76
4700, 84
4701, 79
4702, 73
4703, 66
4704, 75
4705, 79
4706, 68
4707, 73
4708, 77
4709, 77
4710, 85
4711, 87
4712, 84
4713, 72
4714, 82
4715, 74
4716, 81
4717, 85
4718, 74
4719, 86
4720, 80
4721, 83
4722, 85
4723, 70
4724, 82
4725, 73
4726, 81
4727, 87
4728, 84
4729, 73
4730, 86
4731, 79
4732, 91
4733, 76
4734, 83
4735, 83
4736, 72
4737, 77
4738, 76
4739, 77
4740, 80
4741, 86
4742, 78
4743, 82
4744, 82
4745, 79
4746, 89
4747, 76
4748, 80
4749, 83
4750, 85
4751, 79
4752, 86
4753, 90
4754, 83
4755, 79
4756, 84
4757, 86
4758, 79
4759, 76
4760, 72
4761, 79
4762, 75
4763, 78
4764, 84
4765, 85
4766, 72
4767, 79
4768, 80
4769, 82
4770, 79
4771, 81
4772, 76
4773, 85
4774, 79
4775, 76
4776, 75
4777, 78
4778, 80
4779, 73
4780, 77
4781, 83
4782, 78
4783, 81
4784, 82
4785, 86
4786, 77
4787, 91
4788, 80
4789, 67
4790, 80
4791, 85
4792, 77
4793, 83
4794, 73
4795, 82
4796, 88
4797, 87
4798, 70
4799, 85
4800, 81
4801, 89
4802, 83
4803, 86
4804, 72
4805, 80
4806, 77
4807, 75
4808, 76
4809, 87
4810, 86
4811, 74
4812, 83
4813, 78
4814, 76
4815, 74
4816, 82
4817, 65
4818, 66
4819, 90
4820, 80
4821, 90
4822, 81
4823, 85
4824, 80
4825, 77
4826, 76
4827, 78
4828, 71
4829, 76
4830, 82
4831, 79
4832, 89
4833, 71
4834, 79
4835, 87
4836, 74
4837, 87
4838, 71
4839, 81
4840, 78
4841, 84
4842, 88
4843, 78
4844, 88
4845, 73
4846, 75
4847, 84
4848, 96
4849, 84
4850, 80
4851, 71
4852, 73
4853, 75
4854, 74
4855, 70
4856, 80
4857, 98
4858, 83
4859, 74
4860, 90
4861, 81
4862, 84
4863, 79
4864, 78
4865, 79
4866, 75
4867, 89
4868, 79
4869, 74
4870, 79
4871, 70
4872, 69
4873, 74
4874, 77
4875, 84
4876, 76
4877, 84
4878, 73
4879, 82
4880, 85
4881, 87
4882, 84
4883, 77
4884, 80
4885, 79
4886, 84
4887, 80
4888, 79
4889, 82
4890, 85
4891, 86
4892, 79
4893, 80
4894, 78
4895, 84
4896, 71
4897, 77
4898, 82
4899, 89
4900, 73
4901, 84
4902, 78
4903, 79
4904, 79
4905, 81
4906, 81
4907, 92
4908, 77
4909, 76
4910, 81
4911, 75
4912, 96
4913, 83
4914, 83
4915, 83
4916, 74
4917, 83
4918, 81
4919, 86
4920, 84
4921, 89
4922, 74
4923, 83
4924, 79
4925, 72
4926, 84
4927, 80
4928, 91
4929, 80
4930, 74
4931, 83
4932, 79
4933, 85
4934, 80
4935, 75
4936, 75
4937, 77
4938, 84
4939, 89
4940, 79
4941, 84
4942, 83
4943, 80
4944, 85
4945, 83
4946, 80
4947, 81
4948, 80
4949, 79
4950, 85
4951, 82
4952, 75
4953, 82
4954, 75
4955, 71
4956, 83
4957, 94
4958, 83
4959, 82
4960, 65
4961, 87
4962, 78
4963, 83
4964, 80
4965, 84
4966, 81
4967, 84
4968, 82
4969, 83
4970, 85
4971, 79
4972, 90
4973, 85
4974, 79
4975, 80
4976, 75
4977, 73
4978, 83
4979, 83
4980, 91
4981, 86
4982, 81
4983, 79
4984, 81
4985, 82
4986, 76
4987, 78
4988, 75
4989, 90
4990, 86
4991, 81
4992, 90
4993, 79
4994, 71
4995, 79
4996, 80
4997, 78
4998, 89
4999, 87
5000, 83
5001, 79
5002, 83
5003, 82
5004, 78
5005, 79
5006, 86
5007, 78
5008, 76
5009, 82
5010, 82
5011, 72
5012, 84
5013, 73
5014, 77
5015, 80
5016, 77
5017, 75
5018, 83
5019, 72
5020, 71
5021, 82
5022, 81
5023, 75
5024, 68
5025, 79
5026, 76
5027, 80
5028, 75
5029, 67
5030, 77
5031, 78
5032, 85
5033, 75
5034, 87
5035, 77
5036, 76
5037, 80
5038, 88
5039, 77
5040, 92
5041, 78
5042, 81
5043, 81
5044, 76
5045, 78
5046, 71
5047, 83
5048, 81
5049, 80
5050, 87
5051, 83
5052, 79
5053, 75
5054, 82
5055, 90
5056, 81
5057, 77
5058, 78
5059, 78
5060, 82
5061, 75
5062, 77
5063, 79
5064, 69
5065, 86
5066, 89
5067, 69
5068, 79
5069, 83
5070, 84
5071, 88
5072, 77
5073, 85
5074, 79
5075, 75
5076, 87
5077, 75
5078, 74
5079, 77
5080, 79
5081, 77
5082, 83
5083, 81
5084, 83
5085, 84
5086, 82
5087, 86
5088, 83
5089, 84
5090, 84
5091, 91
5092, 78
5093, 83
5094, 80
5095, 83
5096, 85
5097, 80
5098, 79
5099, 81
5100, 74
5101, 74
5102, 73
5103, 74
5104, 90
5105, 75
5106, 74
5107, 70
5108, 77
5109, 88
5110, 77
5111, 85
5112, 74
5113, 79
5114, 75
5115, 84
5116, 82
5117, 79
5118, 63
5119, 73
5120, 79
5121, 87
5122, 85
5123, 79
5124, 76
5125, 83
5126, 71
5127, 86
5128, 88
5129, 78
5130, 93
5131, 87
5132, 79
5133, 76
5134, 77
5135, 80
5136, 88
5137, 77
5138, 80
5139, 86
5140, 85
5141, 81
5142, 82
5143, 88
5144, 80
5145, 80
5146, 77
5147, 82
5148, 82
5149, 71
5150, 81
5151, 80
5152, 84
5153, 74
5154, 77
5155, 83
5156, 78
5157, 81
5158, 85
5159, 83
5160, 76
5161, 83
5162, 78
5163, 85
5164, 83
5165, 79
5166, 85
5167, 83
5168, 80
5169, 83
5170, 75
5171, 85
5172, 79
5173, 88
5174, 82
5175, 77
5176, 73
5177, 76
5178, 85
5179, 76
5180, 84
5181, 75
5182, 74
5183, 80
5184, 76
5185, 78
5186, 79
5187, 87
5188, 69
5189, 71
5190, 87
5191, 74
5192, 92
5193, 73
5194, 65
5195, 84
5196, 89
5197, 77
5198, 68
5199, 85
5200, 86
5201, 71
5202, 70
5203, 74
5204, 76
5205, 84
5206, 77
5207, 82
5208, 82
5209, 83
5210, 78
5211, 85
5212, 68
5213, 81
5214, 87
5215, 89
5216, 75
5217, 84
5218, 74
5219, 83
5220, 85
5221, 84
5222, 83
5223, 77
5224, 84
5225, 85
5226, 80
5227, 84
5228, 93
5229, 78
5230, 76
5231, 80
5232, 73
5233, 81
5234, 89
5235, 80
5236, 86
5237, 77
5238, 76
5239, 79
5240, 77
5241, 75
5242, 77
5243, 90
5244, 77
5245, 80
5246, 92
5247, 79
5248, 77
5249, 80
5250, 81
5251, 80
5252, 81
5253, 75
5254, 73
5255, 84
5256, 82
5257, 79
5258, 78
5259, 77
5260, 81
5261, 85
5262, 83
5263, 82
5264, 71
5265, 82
5266, 85
5267, 80
5268, 88
5269, 80
5270, 69
5271, 81
5272, 76
5273, 87
5274, 80
5275, 71
5276, 73
5277, 85
5278, 75
5279, 87
5280, 85
5281, 81
5282, 78
5283, 73
5284, 72
5285, 85
5286, 81
5287, 77
5288, 74
5289, 71
5290, 79
5291, 83
5292, 81
5293, 73
5294, 71
5295, 88
5296, 84
5297, 92
5298, 81
5299, 71
5300, 84
5301, 81
5302, 84
5303, 80
5304, 79
5305, 86
5306, 81
5307, 89
5308, 83
5309, 88
5310, 74
5311, 76
5312, 85
5313, 80
5314, 83
5315, 82
5316, 85
5317, 83
5318, 87
5319, 70
5320, 77
5321, 92
5322, 85
5323, 81
5324, 87
5325, 87
5326, 78
5327, 76
5328, 83
5329, 65
5330, 87
5331, 79
5332, 81
5333, 84
5334, 75
5335, 82
5336, 82
5337, 82
5338, 78
5339, 84
5340, 82
5341, 81
5342, 80
5343, 86
5344, 89
5345, 87
5346, 83
5347, 75
5348, 75
5349, 81
5350, 76
5351, 76
5352, 75
5353, 83
5354, 80
5355, 80
5356, 76
5357, 81
5358, 83
5359, 84
5360, 90
5361, 78
5362, 83
5363, 86
5364, 80
5365, 81
5366, 87
5367, 84
5368, 77
5369, 80
5370, 95
5371, 88
5372, 76
5373, 84
5374, 84
5375, 80
5376, 74
5377, 84
5378, 81
5379, 83
5380, 77
5381, 82
5382, 83
5383, 83
5384, 85
5385, 79
5386, 69
5387, 78
5388, 81
5389, 77
5390, 77
5391, 80
5392, 81
5393, 71
5394, 80
5395, 84
5396, 92
5397, 65
5398, 82
5399, 65
5400, 78
5401, 74
5402, 76
5403, 82
5404, 92
5405, 80
5406, 89
5407, 86
5408, 82
5409, 74
5410, 78
5411, 81
5412, 88
5413, 83
5414, 80
5415, 81
5416, 81
5417, 79
5418, 81
5419, 64
5420, 75
5421, 81
5422, 86
5423, 79
5424, 83
5425, 90
5426, 88
5427, 84
5428, 84
5429, 81
5430, 75
5431, 83
5432, 75
5433, 71
5434, 75
5435, 79
5436, 77
5437, 84
5438, 86
5439, 74
5440, 86
5441, 92
5442, 81
5443, 82
5444, 89
5445, 78
5446, 86
5447, 80
5448, 89
5449, 81
5450, 85
5451, 81
5452, 81
5453, 81
5454, 90
5455, 83
5456, 84
5457, 69
5458, 75
5459, 71
5460, 70
5461, 83
5462, 75
5463, 91
5464, 73
5465, 76
5466, 90
5467, 79
5468, 69
5469, 79
5470, 96
5471, 79
5472, 82
5473, 85
5474, 82
5475, 76
5476, 85
5477, 90
5478, 79
5479, 75
5480, 76
5481, 83
5482, 85
5483, 80
5484, 76
5485, 70
5486, 75
5487, 84
5488, 74
5489, 75
5490, 75
5491, 90
5492, 78
5493, 89
5494, 84
5495, 84
5496, 74
5497, 73
5498, 83
5499, 92
5500, 88
5501, 81
5502, 68
5503, 84
5504, 72
5505, 82
5506, 80
5507, 75
5508, 75
5509, 80
5510, 91
5511, 87
5512, 90
5513, 81
5514, 73
5515, 89
5516, 84
5517, 86
5518, 82
5519, 77
5520, 77
5521, 82
5522, 77
5523, 88
5524, 88
5525, 92
5526, 80
5527, 92
5528, 77
5529, 78
5530, 81
5531, 78
5532, 78
5533, 81
5534, 91
5535, 85
5536, 86
5537, 75
5538, 91
5539, 82
5540, 80
5541, 81
5542, 83
5543, 87
5544, 76
5545, 78
5546, 66
5547, 80
5548, 87
5549, 80
5550, 67
5551, 77
5552, 93
5553, 86
5554, 77
5555, 75
5556, 79
5557, 80
5558, 86
5559, 72
5560, 72
5561, 82
5562, 66
5563, 90
5564, 73
5565, 76
5566, 76
5567, 85
5568, 86
5569, 98
5570, 84
5571, 74
5572, 94
5573, 81
5574, 78
5575, 81
5576, 71
5577, 76
5578, 75
5579, 78
5580, 72
5581, 80
5582, 82
5583, 73
5584, 81
5585, 79
5586, 83
5587, 86
5588, 81
5589, 77
5590, 68
5591, 75
5592, 78
5593, 82
5594, 84
5595, 83
5596, 82
5597, 86
5598, 88
5599, 77
5600, 95
5601, 78
5602, 74
5603, 84
5604, 82
5605, 82
5606, 81
5607, 88
5608, 77
5609, 73
5610, 89
5611, 90
5612, 75
5613, 76
5614, 78
5615, 77
5616, 86
5617, 85
5618, 81
5619, 96
5620, 89
5621, 86
5622, 76
5623, 71
5624, 70
5625, 77
5626, 82
5627, 70
5628, 86
5629, 75
5630, 86
5631, 71
5632, 73
5633, 78
5634, 74
5635, 75
5636, 81
5637, 88
5638, 83
5639, 82
5640, 90
5641, 77
5642, 74
5643, 83
5644, 91
5645, 81
5646, 85
5647, 76
5648, 84
5649, 70
5650, 70
5651, 73
5652, 72
5653, 82
5654, 79
5655, 78
5656, 81
5657, 75
5658, 87
5659, 73
5660, 79
5661, 79
5662, 76
5663, 85
5664, 75
5665, 87
5666, 84
5667, 81
5668, 79
5669, 88
5670, 83
5671, 73
5672, 76
5673, 85
5674, 73
5675, 83
5676, 77
5677, 80
5678, 94
5679, 78
5680, 72
5681, 86
5682, 76
5683, 76
5684, 80
5685, 91
5686, 77
5687, 86
5688, 75
5689, 74
5690, 79
5691, 80
5692, 87
5693, 79
5694, 85
5695, 67
5696, 91
5697, 78
5698, 67
5699, 72
5700, 86
5701, 78
5702, 74
5703, 87
5704, 86
5705, 70
5706, 77
5707, 81
5708, 73
5709, 81
5710, 72
5711, 90
5712, 66
5713, 74
5714, 78
5715, 81
5716, 84
5717, 71
5718, 82
5719, 70
5720, 75
5721, 83
5722, 86
5723, 86
5724, 78
5725, 96
5726, 86
5727, 79
5728, 74
5729, 81
5730, 84
5731, 78
5732, 76
5733, 76
5734, 69
5735, 79
5736, 85
5737, 81
5738, 81
5739, 71
5740, 68
5741, 76
5742, 82
5743, 80
5744, 76
5745, 74
5746, 83
5747, 78
5748, 85
5749, 75
5750, 92
5751, 79
5752, 76
5753, 90
5754, 74
5755, 80
5756, 82
5757, 83
5758, 86
5759, 82
5760, 77
5761, 74
5762, 90
5763, 88
5764, 70
5765, 78
5766, 70
5767, 90
5768, 79
5769, 70
5770, 82
5771, 68
5772, 78
5773, 74
5774, 83
5775, 74
5776, 81
5777, 89
5778, 73
5779, 76
5780, 82
5781, 86
5782, 80
5783, 91
5784, 85
5785, 86
5786, 80
5787, 69
5788, 80
5789, 76
5790, 78
5791, 77
5792, 77
5793, 82
5794, 70
5795, 81
5796, 83
5797, 84
5798, 93
5799, 81
5800, 82
5801, 86
5802, 83
5803, 86
5804, 80
5805, 77
5806, 77
5807, 76
5808, 81
5809, 76
5810, 80
5811, 86
5812, 81
5813, 88
5814, 83
5815, 95
5816, 89
5817, 76
5818, 67
5819, 75
5820, 79
5821, 72
5822, 89
5823, 77
5824, 84
5825, 77
5826, 80
5827, 79
5828, 79
5829, 83
5830, 73
5831, 88
5832, 83
5833, 67
5834, 87
5835, 84
5836, 78
5837, 82
5838, 79
5839, 82
5840, 93
5841, 73
5842, 81
5843, 90
5844, 92
5845, 77
5846, 86
5847, 76
5848, 79
5849, 92
5850, 74
5851, 80
5852, 85
5853, 80
5854, 72
5855, 77
5856, 78
5857, 84
5858, 92
5859, 86
5860, 83
5861, 74
5862, 66
5863, 80
5864, 88
5865, 83
5866, 81
5867, 82
5868, 76
5869, 83
5870, 87
5871, 84
5872, 81
5873, 81
5874, 78
5875, 83
5876, 71
5877, 82
5878, 87
5879, 85
5880, 85
5881, 77
5882, 80
5883, 74
5884, 80
5885, 86
5886, 93
5887, 75
5888, 78
5889, 85
5890, 92
5891, 97
5892, 83
5893, 72
5894, 78
5895, 86
5896, 77
5897, 81
5898, 77
5899, 67
5900, 78
5901, 88
5902, 73
5903, 81
5904, 87
5905, 84
5906, 72
5907, 91
5908, 72
5909, 83
5910, 78
5911, 78
5912, 82
5913, 97
5914, 74
5915, 80
5916, 83
5917, 76
5918, 84
5919, 85
5920, 72
5921, 85
5922, 83
5923, 82
5924, 82
5925, 87
5926, 79
5927, 84
5928, 75
5929, 81
5930, 82
5931, 69
5932, 79
5933, 81
5934, 81
5935, 68
5936, 88
5937, 75
5938, 80
5939, 78
5940, 77
5941, 85
5942, 85
5943, 76
5944, 72
5945, 88
5946, 80
5947, 77
5948, 82
5949, 96
5950, 77
5951, 77
5952, 78
5953, 75
5954, 89
5955, 71
5956, 78
5957, 88
5958, 76
5959, 78
5960, 87
5961, 68
5962, 87
5963, 92
5964, 85
5965, 78
5966, 88
5967, 73
5968, 94
5969, 76
5970, 77
5971, 85
5972, 83
5973, 79
5974, 78
5975, 79
5976, 83
5977, 81
5978, 88
5979, 73
5980, 76
5981, 74
5982, 85
5983, 89
5984, 71
5985, 87
5986, 80
5987, 83
5988, 87
5989, 74
5990, 76
5991, 78
5992, 88
5993, 81
5994, 77
5995, 75
5996, 79
5997, 75
5998, 76
5999, 69
6000, 83
6001, 72
6002, 85
6003, 78
6004, 80
6005, 73
6006, 62
6007, 70
6008, 81
6009, 79
6010, 81
6011, 75
6012, 72
6013, 83
6014, 70
6015, 85
6016, 78
6017, 82
6018, 83
6019, 85
6020, 81
6021, 74
6022, 83
6023, 83
6024, 74
6025, 79
6026, 80
6027, 77
6028, 77
6029, 85
6030, 77
6031, 79
6032, 81
6033, 66
6034, 72
6035, 80
6036, 79
6037, 76
6038, 78
6039, 84
6040, 74
6041, 89
6042, 85
6043, 81
6044, 79
6045, 78
6046, 88
6047, 76
6048, 78
6049, 86
6050, 79
6051, 82
6052, 74
6053, 72
6054, 96
6055, 73
6056, 83
6057, 76
6058, 93
6059, 68
6060, 74
6061, 79
6062, 85
6063, 94
6064, 87
6065, 73
6066, 81
6067, 86
6068, 81
6069, 82
6070, 87
6071, 84
6072, 86
6073, 77
6074, 94
6075, 86
6076, 88
6077, 86
6078, 79
6079, 87
6080, 64
6081, 78
6082, 77
6083, 75
6084, 81
6085, 65
6086, 75
6087, 72
6088, 79
6089, 85
6090, 81
6091, 90
6092, 74
6093, 75
6094, 80
6095, 77
6096, 88
6097, 74
6098, 92
6099, 77
6100, 77
6101, 74
6102, 77
6103, 82
6104, 78
6105, 78
6106, 79
6107, 77
6108, 82
6109, 86
6110, 78
6111, 78
6112, 88
6113, 88
6114, 75
6115, 87
6116, 84
6117, 75
6118, 71
6119, 73
6120, 83
6121, 77
6122, 81
6123, 81
6124, 81
6125, 77
6126, 74
6127, 76
6128, 89
6129, 91
6130, 79
6131, 79
6132, 81
6133, 74
6134, 88
6135, 86
6136, 80
6137, 87
6138, 77
6139, 82
6140, 83
6141, 76
6142, 77
6143, 82
6144, 75
6145, 73
6146, 72
6147, 83
6148, 78
6149, 83
6150, 85
6151, 76
6152, 80
6153, 83
6154, 84
6155, 87
6156, 70
6157, 86
6158, 76
6159, 85
6160, 79
6161, 83
6162, 80
6163, 82
6164, 78
6165, 84
6166, 68
6167, 82
6168, 81
6169, 73
6170, 80
6171, 85
6172, 82
6173, 81
6174, 77
6175, 82
6176, 72
6177, 71
6178, 75
6179, 70
6180, 76
6181, 79
6182, 80
6183, 82
6184, 75
6185, 85
6186, 71
6187, 81
6188, 67
6189, 77
6190, 85
6191, 83
6192, 71
6193, 85
6194, 80
6195, 86
6196, 86
6197, 92
6198, 83
6199, 89
6200, 75
6201, 70
6202, 79
6203, 78
6204, 72
6205, 92
6206, 85
6207, 82
6208, 78
6209, 74
6210, 82
6211, 68
6212, 85
6213, 79
6214, 79
6215, 80
6216, 90
6217, 84
6218, 86
6219, 80
6220, 78
6221, 83
6222, 79
6223, 79
6224, 74
6225, 87
6226, 80
6227, 93
6228, 75
6229, 90
6230, 76
6231, 80
6232, 81
6233, 82
6234, 78
6235, 80
6236, 88
6237, 82
6238, 79
6239, 85
6240, 75
6241, 83
6242, 83
6243, 82
6244, 90
6245, 79
6246, 82
6247, 76
6248, 88
6249, 82
6250, 70
6251, 76
6252, 73
6253, 79
6254, 81
6255, 81
6256, 84
6257, 75
6258, 73
6259, 76
6260, 83
6261, 83
6262, 86
6263, 83
6264, 80
6265, 74
6266, 82
6267, 85
6268, 83
6269, 76
6270, 70
6271, 66
6272, 83
6273, 85
6274, 85
6275, 85
6276, 88
6277, 86
6278, 86
6279, 70
6280, 82
6281, 77
6282, 83
6283, 82
6284, 79
6285, 84
6286, 87
6287, 78
6288, 77
6289, 73
6290, 74
6291, 80
6292, 72
6293, 84
6294, 69
6295, 84
6296, 81
6297, 87
6298, 77
6299, 81
6300, 76
6301, 83
6302, 89
6303, 78
6304, 80
6305, 78
6306, 82
6307, 78
6308, 82
6309, 72
6310, 91
6311, 70
6312, 88
6313, 91
6314, 74
6315, 76
6316, 83
6317, 77
6318, 81
6319, 69
6320, 89
6321, 78
6322, 77
6323, 76
6324, 81
6325, 78
6326, 83
6327, 80
6328, 72
6329, 70
6330, 76
6331, 81
6332, 78
6333, 91
6334, 78
6335, 74
6336, 88
6337, 84
6338, 88
6339, 80
6340, 74
6341, 82
6342, 81
6343, 73
6344, 79
6345, 85
6346, 76
6347, 68
6348, 83
6349, 82
6350, 79
6351, 82
6352, 80
6353, 77
6354, 92
6355, 81
6356, 79
6357, 85
6358, 79
6359, 91
6360, 84
6361, 85
6362, 84
6363, 78
6364, 77
6365, 80
6366, 84
6367, 81
6368, 76
6369, 68
6370, 76
6371, 81
6372, 86
6373, 74
6374, 79
6375, 79
6376, 79
6377, 76
6378, 73
6379, 80
6380, 81
6381, 81
6382, 74
6383, 82
6384, 80
6385, 79
6386, 80
6387, 82
6388, 82
6389, 74
6390, 74
6391, 79
6392, 84
6393, 81
6394, 83
6395, 87
6396, 79
6397, 77
6398, 78
6399, 75
6400, 89
6401, 72
6402, 76
6403, 78
6404, 83
6405, 83
6406, 86
6407, 79
6408, 79
6409, 73
6410, 86
6411, 82
6412, 85
6413, 94
6414, 80
6415, 82
6416, 86
6417, 85
6418, 77
6419, 83
6420, 82
6421, 76
6422, 80
6423, 79
6424, 74
6425, 84
6426, 83
6427, 76
6428, 72
6429, 79
6430, 77
6431, 75
6432, 88
6433, 86
6434, 76
6435, 89
6436, 77
6437, 82
6438, 82
6439, 75
6440, 72
6441, 78
6442, 80
6443, 80
6444, 91
6445, 82
6446, 89
6447, 72
6448, 89
6449, 95
6450, 89
6451, 76
6452, 81
6453, 83
6454, 81
6455, 85
6456, 79
6457, 80
6458, 78
6459, 85
6460, 74
6461, 74
6462, 78
6463, 82
6464, 79
6465, 74
6466, 84
6467, 80
6468, 76
6469, 83
6470, 72
6471, 74
6472, 88
6473, 87
6474, 87
6475, 73
6476, 79
6477, 86
6478, 95
6479, 93
6480, 69
6481, 79
6482, 88
6483, 80
6484, 81
6485, 82
6486, 84
6487, 95
6488, 76
6489, 84
6490, 84
6491, 77
6492, 79
6493, 73
6494, 82
6495, 77
6496, 81
6497, 82
6498, 81
6499, 84
6500, 84
6501, 76
6502, 75
6503, 95
6504, 89
6505, 97
6506, 75
6507, 77
6508, 84
6509, 88
6510, 81
6511, 79
6512, 79
6513, 87
6514, 77
6515, 76
6516, 80
6517, 80
6518, 87
6519, 72
6520, 69
6521, 69
6522, 78
6523, 79
6524, 77
6525, 83
6526, 69
6527, 75
6528, 73
6529, 82
6530, 74
6531, 78
6532, 69
6533, 73
6534, 77
6535, 82
6536, 66
6537, 73
6538, 78
6539, 78
6540, 83
6541, 69
6542, 87
6543, 76
6544, 69
6545, 82
6546, 73
6547, 69
6548, 83
6549, 87
6550, 68
6551, 75
6552, 76
6553, 79
6554, 74
6555, 90
6556, 81
6557, 84
6558, 84
6559, 85
6560, 85
6561, 75
6562, 73
6563, 76
6564, 77
6565, 67
6566, 78
6567, 86
6568, 83
6569, 71
6570, 79
6571, 73
6572, 84
6573, 82
6574, 80
6575, 81
6576, 88
6577, 79
6578, 85
6579, 86
6580, 67
6581, 69
6582, 78
6583, 91
6584, 87
6585, 82
6586, 86
6587, 77
6588, 81
6589, 80
6590, 82
6591, 75
6592, 84
6593, 74
6594, 84
6595, 81
6596, 68
6597, 83
6598, 62
6599, 83
6600, 80
6601, 74
6602, 79
6603, 82
6604, 77
6605, 82
6606, 77
6607, 77
6608, 80
6609, 89
6610, 84
6611, 69
6612, 83
6613, 82
6614, 82
6615, 76
6616, 79
6617, 74
6618, 83
6619, 84
6620, 88
6621, 73
6622, 90
6623, 76
6624, 72
6625, 76
6626, 88
6627, 74
6628, 86
6629, 77
6630, 80
6631, 74
6632, 83
6633, 80
6634, 78
6635, 88
6636, 76
6637, 87
6638, 68
6639, 75
6640, 83
6641, 67
6642, 82
6643, 77
6644, 73
6645, 83
6646, 82
6647, 69
6648, 81
6649, 82
6650, 80
6651, 79
6652, 78
6653, 90
6654, 82
6655, 72
6656, 85
6657, 69
6658, 75
6659, 76
6660, 79
6661, 75
6662, 86
6663, 87
6664, 88
6665, 88
6666, 80
6667, 77
6668, 78
6669, 81
6670, 89
6671, 74
6672, 74
6673, 75
6674, 86
6675, 86
6676, 77
6677, 83
6678, 70
6679, 78
6680, 80
6681, 86
6682, 79
6683, 75
6684, 87
6685, 72
6686, 84
6687, 81
6688, 85
6689, 81
6690, 79
6691, 87
6692, 76
6693, 69
6694, 89
6695, 85
6696, 82
6697, 81
6698, 90
6699, 67
6700, 81
6701, 78
6702, 83
6703, 85
6704, 80
6705, 78
6706, 87
6707, 85
6708, 84
6709, 74
6710, 75
6711, 78
6712, 89
6713, 77
6714, 71
6715, 77
6716, 74
6717, 82
6718, 81
6719, 77
6720, 84
6721, 83
6722, 77
6723, 79
6724, 75
6725, 82
6726, 78
6727, 80
6728, 82
6729, 73
6730, 76
6731, 90
6732, 79
6733, 84
6734, 82
6735, 76
6736, 89
6737, 75
6738, 88
6739, 78
6740, 70
6741, 89
6742, 70
6743, 76
6744, 77
6745, 77
6746, 74
6747, 69
6748, 74
6749, 81
6750, 87
6751, 77
6752, 74
6753, 80
6754, 83
6755, 66
6756, 92
6757, 81
6758, 73
6759, 77
6760, 78
6761, 80
6762, 84
6763, 78
6764, 73
6765, 83
6766, 85
6767, 80
6768, 77
6769, 77
6770, 67
6771, 78
6772, 95
6773, 80
6774, 83
6775, 86
6776, 78
6777, 82
6778, 77
6779, 70
6780, 80
6781, 74
6782, 79
6783, 88
6784, 68
6785, 80
6786, 78
6787, 79
6788, 81
6789, 71
6790, 82
6791, 91
6792, 74
6793, 72
6794, 82
6795, 79
6796, 74
6797, 82
6798, 72
6799, 80
6800, 90
6801, 76
6802, 88
6803, 85
6804, 78
6805, 82
6806, 85
6807, 80
6808, 69
6809, 80
6810, 75
6811, 74
6812, 81
6813, 70
6814, 69
6815, 67
6816, 77
6817, 81
6818, 79
6819, 80
6820, 86
6821, 76
6822, 79
6823, 76
6824, 77
6825, 75
6826, 88
6827, 80
6828, 82
6829, 78
6830, 70
6831, 80
6832, 84
6833, 84
6834, 86
6835, 74
6836, 77
6837, 81
6838, 72
6839, 77
6840, 70
6841, 79
6842, 78
6843, 67
6844, 86
6845, 76
6846, 81
6847, 80
6848, 74
6849, 81
6850, 83
6851, 71
6852, 85
6853, 84
6854, 80
6855, 86
6856, 89
6857, 89
6858, 69
6859, 94
6860, 72
6861, 75
6862, 86
6863, 90
6864, 90
6865, 89
6866, 88
6867, 81
6868, 78
6869, 79
6870, 77
6871, 83
6872, 85
6873, 80
6874, 85
6875, 81
6876, 80
6877, 79
6878, 85
6879, 82
6880, 79
6881, 76
6882, 77
6883, 89
6884, 77
6885, 78
6886, 78
6887, 91
6888, 88
6889, 82
6890, 77
6891, 77
6892, 83
6893, 83
6894, 85
6895, 83
6896, 92
6897, 84
6898, 76
6899, 85
6900, 85
6901, 76
6902, 70
6903, 88
6904, 85
6905, 83
6906, 74
6907, 76
6908, 83
6909, 80
6910, 88
6911, 74
6912, 89
6913, 77
6914, 89
6915, 73
6916, 91
6917, 87
6918, 87
6919, 82
6920, 90
6921, 74
6922, 77
6923, 89
6924, 79
6925, 80
6926, 70
6927, 86
6928, 83
6929, 79
6930, 81
6931, 86
6932, 85
6933, 82
6934, 84
6935, 91
6936, 83
6937, 76
6938, 83
6939, 72
6940, 87
6941, 71
6942, 76
6943, 82
6944, 72
6945, 80
6946, 69
6947, 78
6948, 84
6949, 69
6950, 75
6951, 84
6952, 75
6953, 82
6954, 77
6955, 76
6956, 73
6957, 78
6958, 79
6959, 84
6960, 72
6961, 74
6962, 77
6963, 86
6964, 85
6965, 69
6966, 89
6967, 78
6968, 80
6969, 75
6970, 77
6971, 91
6972, 88
6973, 87
6974, 77
6975, 74
6976, 85
6977, 83
6978, 80
6979, 75
6980, 82
6981, 88
6982, 77
6983, 79
6984, 88
6985, 66
6986, 82
6987, 76
6988, 87
6989, 83
6990, 82
6991, 71
6992, 79
6993, 83
6994, 81
6995, 86
6996, 90
6997, 83
6998, 83
6999, 74
7000, 82
7001, 79
7002, 74
7003, 86
7004, 69
7005, 87
7006, 86
7007, 74
7008, 85
7009, 76
7010, 88
7011, 72
7012, 81
7013, 84
7014, 87
7015, 80
7016, 77
7017, 83
7018, 79
7019, 86
7020, 73
7021, 80
7022, 89
7023, 84
7024, 78
7025, 83
7026, 88
7027, 77
7028, 78
7029, 78
7030, 89
7031, 81
7032, 69
7033, 86
7034, 67
7035, 87
7036, 78
7037, 75
7038, 80
7039, 79
7040, 83
7041, 74
7042, 84
7043, 80
7044, 81
7045, 68
7046, 83
7047, 85
7048, 84
7049, 86
7050, 87
7051, 76
7052, 76
7053, 79
7054, 78
7055, 83
7056, 68
7057, 73
7058, 79
7059, 87
7060, 74
7061, 75
7062, 75
7063, 77
7064, 70
7065, 83
7066, 78
7067, 73
7068, 78
7069, 87
7070, 84
7071, 71
7072, 63
7073, 95
7074, 77
7075, 75
7076, 75
7077, 80
7078, 79
7079, 85
7080, 84
7081, 75
7082, 76
7083, 77
7084, 82
7085, 71
7086, 83
7087, 76
7088, 75
7089, 82
7090, 75
7091, 81
7092, 79
7093, 87
7094, 82
7095, 81
7096, 84
7097, 87
7098, 71
7099, 76
7100, 82
7101, 87
7102, 92
7103, 86
7104, 83
7105, 82
7106, 85
7107, 81
7108, 80
7109, 74
7110, 83
7111, 80
7112, 87
7113, 80
7114, 81
7115, 70
7116, 66
7117, 74
7118, 76
7119, 81
7120, 78
7121, 81
7122, 71
7123, 90
7124, 85
7125, 81
7126, 71
7127, 76
7128, 72
7129, 87
7130, 79
7131, 81
7132, 76
7133, 93
7134, 79
7135, 84
7136, 79
7137, 88
7138, 81
7139, 88
7140, 85
7141, 81
7142, 77
7143, 78
7144, 82
7145, 73
7146, 79
7147, 75
7148, 74
7149, 80
7150, 85
7151, 76
7152, 78
7153, 75
7154, 87
7155, 88
7156, 87
7157, 87
7158, 79
7159, 79
7160, 81
7161, 79
7162, 84
7163, 85
7164, 67
7165, 74
7166, 82
7167, 78
7168, 86
7169, 82
7170, 84
7171, 76
7172, 87
7173, 78
7174, 75
7175, 82
7176, 85
7177, 86
7178, 74
7179, 76
7180, 89
7181, 71
7182, 91
7183, 77
7184, 84
7185, 84
7186, 82
7187, 74
7188, 76
7189, 81
7190, 79
7191, 84
7192, 72
7193, 80
7194, 78
7195, 79
7196, 82
7197, 85
7198, 85
7199, 74
7200, 86
7201, 100
7202, 77
7203, 79
7204, 84
7205, 79
7206, 87
7207, 77
7208, 80
7209, 85
7210, 86
7211, 92
7212, 89
7213, 74
7214, 82
7215, 90
7216, 77
7217, 80
7218, 84
7219, 74
7220, 80
7221, 75
7222, 86
7223, 81
7224, 77
7225, 74
7226, 78
7227, 83
7228, 84
7229, 75
7230, 74
7231, 74
7232, 83
7233, 85
7234, 91
7235, 89
7236, 73
7237, 86
7238, 82
7239, 77
7240, 76
7241, 85
7242, 80
7243, 85
7244, 82
7245, 82
7246, 76
7247, 74
7248, 76
7249, 75
7250, 90
7251, 81
7252, 73
7253, 85
7254, 74
7255, 86
7256, 75
7257, 86
7258, 73
7259, 79
7260, 73
7261, 75
7262, 84
7263, 83
7264, 99
7265, 85
7266, 79
7267, 75
7268, 87
7269, 90
7270, 87
7271, 92
7272, 93
7273, 92
7274, 74
7275, 79
7276, 79
7277, 85
7278, 87
7279, 94
7280, 74
7281, 81
7282, 70
7283, 84
7284, 84
7285, 93
7286, 87
7287, 89
7288, 76
7289, 83
7290, 83
7291, 66
7292, 73
7293, 82
7294, 77
7295, 84
7296, 74
7297, 86
7298, 71
7299, 84
7300, 73
7301, 78
7302, 82
7303, 85
7304, 83
7305, 80
7306, 88
7307, 77
7308, 87
7309, 73
7310, 73
7311, 82
7312, 81
7313, 77
7314, 80
7315, 76
7316, 89
7317, 81
7318, 69
7319, 81
7320, 72
7321, 72
7322, 76
7323, 79
7324, 86
7325, 70
7326, 80
7327, 71
7328, 82
7329, 75
7330, 79
7331, 72
7332, 89
7333, 79
7334, 76
7335, 94
7336, 77
7337, 80
7338, 78
7339, 79
7340, 88
7341, 84
7342, 77
7343, 75
7344, 74
7345, 79
7346, 82
7347, 90
7348, 71
7349, 91
7350, 83
7351, 78
7352, 74
7353, 85
7354, 81
7355, 85
7356, 83
7357, 79
7358, 78
7359, 75
7360, 69
7361, 75
7362, 76
7363, 77
7364, 72
7365, 79
7366, 80
7367, 75
7368, 83
7369, 83
7370, 76
7371, 90
7372, 77
7373, 83
7374, 85
7375, 92
7376, 78
7377, 77
7378, 77
7379, 82
7380, 89
7381, 79
7382, 77
7383, 87
7384, 66
7385, 76
7386, 81
7387, 89
7388, 88
7389, 85
7390, 78
7391, 83
7392, 81
7393, 98
7394, 85
7395, 80
7396, 77
7397, 88
7398, 83
7399, 83
7400, 84
7401, 77
7402, 83
7403, 80
7404, 72
7405, 82
7406, 74
7407, 93
7408, 73
7409, 79
7410, 77
7411, 77
7412, 92
7413, 76
7414, 80
7415, 74
7416, 79
7417, 79
7418, 69
7419, 82
7420, 78
7421, 82
7422, 92
7423, 76
7424, 75
7425, 80
7426, 83
7427, 80
7428, 87
7429, 79
7430, 81
7431, 87
7432, 82
7433, 77
7434, 87
7435, 72
7436, 73
7437, 90
7438, 82
7439, 81
7440, 91
7441, 83
7442, 86
7443, 81
7444, 83
7445, 69
7446, 80
7447, 81
7448, 74
7449, 75
7450, 83
7451, 72
7452, 76
7453, 80
7454, 88
7455, 96
7456, 72
7457, 72
7458, 75
7459, 77
7460, 89
7461, 84
7462, 93
7463, 74
7464, 84
7465, 84
7466, 80
7467, 80
7468, 82
7469, 75
7470, 87
7471, 74
7472, 81
7473, 88
7474, 75
7475, 82
7476, 82
7477, 81
7478, 76
7479, 84
7480, 82
7481, 90
7482, 71
7483, 79
7484, 81
7485, 87
7486, 91
7487, 89
7488, 83
7489, 80
7490, 81
7491, 83
7492, 86
7493, 77
7494, 81
7495, 74
7496, 78
7497, 87
7498, 76
7499, 68
7500, 88
7501, 73
7502, 76
7503, 70
7504, 82
7505, 84
7506, 82
7507, 82
7508, 83
7509, 80
7510, 82
7511, 86
7512, 79
7513, 80
7514, 79
7515, 73
7516, 81
7517, 80
7518, 77
7519, 80
7520, 79
7521, 77
7522, 87
7523, 77
7524, 82
7525, 71
7526, 80
7527, 75
7528, 83
7529, 83
7530, 81
7531, 76
7532, 92
7533, 78
7534, 69
7535, 80
7536, 78
7537, 80
7538, 76
7539, 82
7540, 74
7541, 76
7542, 68
7543, 81
7544, 74
7545, 76
7546, 83
7547, 75
7548, 78
7549, 83
7550, 78
7551, 81
7552, 86
7553, 82
7554, 87
7555, 82
7556, 82
7557, 68
7558, 84
7559, 70
7560, 79
7561, 72
7562, 80
7563, 82
7564, 79
7565, 83
7566, 79
7567, 82
7568, 77
7569, 76
7570, 83
7571, 88
7572, 70
7573, 75
7574, 77
7575, 77
7576, 86
7577, 89
7578, 85
7579, 80
7580, 81
7581, 83
7582, 82
7583, 75
7584, 76
7585, 77
7586, 73
7587, 80
7588, 77
7589, 74
7590, 85
7591, 78
7592, 78
7593, 77
7594, 76
7595, 85
7596, 77
7597, 80
7598, 80
7599, 85
7600, 70
7601, 80
7602, 86
7603, 88
7604, 83
7605, 80
7606, 79
7607, 85
7608, 79
7609, 82
7610, 79
7611, 84
7612, 71
7613, 84
7614, 93
7615, 76
7616, 78
7617, 99
7618, 72
7619, 87
7620, 74
7621, 76
7622, 84
7623, 82
7624, 79
7625, 71
7626, 85
7627, 77
7628, 76
7629, 84
7630, 71
7631, 76
7632, 70
7633, 78
7634, 74
7635, 71
7636, 87
7637, 81
7638, 74
7639, 72
7640, 79
7641, 81
7642, 75
7643, 78
7644, 84
7645, 88
7646, 82
7647, 76
7648, 83
7649, 86
7650, 69
7651, 78
7652, 87
7653, 73
7654, 76
7655, 80
7656, 76
7657, 75
7658, 74
7659, 77
7660, 88
7661, 81
7662, 78
7663, 92
7664, 82
7665, 76
7666, 70
7667, 86
7668, 78
7669, 84
7670, 82
7671, 86
7672, 80
7673, 80
7674, 72
7675, 82
7676, 76
7677, 95
7678, 76
7679, 79
7680, 87
7681, 81
7682, 91
7683, 76
7684, 74
7685, 97
7686, 76
7687, 84
7688, 64
7689, 89
7690, 73
7691, 82
7692, 74
7693, 83
7694, 82
7695, 81
7696, 85
7697, 85
7698, 87
7699, 84
7700, 84
7701, 77
7702, 71
7703, 89
7704, 83
7705, 78
7706, 88
7707, 87
7708, 84
7709, 73
7710, 76
7711, 91
7712, 77
7713, 96
7714, 75
7715, 87
7716, 82
7717, 75
7718, 87
7719, 79
7720, 90
7721, 83
7722, 84
7723, 78
7724, 78
7725, 74
7726, 74
7727, 71
7728, 80
7729, 75
7730, 79
7731, 77
7732, 90
7733, 85
7734, 87
7735, 74
7736, 79
7737, 87
7738, 84
7739, 80
7740, 77
7741, 90
7742, 77
7743, 84
7744, 78
7745, 75
7746, 73
7747, 78
7748, 81
7749, 70
7750, 74
7751, 87
7752, 89
7753, 80
7754, 78
7755, 79
7756, 71
7757, 74
7758, 78
7759, 84
7760, 83
7761, 93
7762, 75
7763, 68
7764, 77
7765, 77
7766, 81
7767, 75
7768, 92
7769, 82
7770, 91
7771, 82
7772, 74
7773, 76
7774, 69
7775, 67
7776, 82
7777, 74
7778, 77
7779, 77
7780, 89
7781, 87
7782, 83
7783, 65
7784, 77
7785, 75
7786, 80
7787, 81
7788, 79
7789, 76
7790, 76
7791, 82
7792, 70
7793, 89
7794, 87
7795, 76
7796, 74
7797, 79
7798, 75
7799, 89
7800, 75
7801, 83
7802, 91
7803, 81
7804, 74
7805, 69
7806, 66
7807, 80
7808, 80
7809, 73
7810, 79
7811, 83
7812, 86
7813, 80
7814, 82
7815, 81
7816, 85
7817, 80
7818, 85
7819, 89
7820, 83
7821, 88
7822, 75
7823, 84
7824, 67
7825, 81
7826, 84
7827, 83
7828, 77
7829, 79
7830, 77
7831, 79
7832, 83
7833, 72
7834, 76
7835, 86
7836, 76
7837, 87
7838, 80
7839, 81
7840, 82
7841, 78
7842, 83
7843, 74
7844, 84
7845, 84
7846, 85
7847, 74
7848, 82
7849, 71
7850, 80
7851, 73
7852, 84
7853, 73
7854, 78
7855, 78
7856, 79
7857, 67
7858, 80
7859, 83
7860, 73
7861, 86
7862, 85
7863, 86
7864, 74
7865, 77
7866, 79
7867, 86
7868, 82
7869, 86
7870, 75
7871, 98
7872, 76
7873, 71
7874, 88
7875, 97
7876, 82
7877, 81
7878, 86
7879, 71
7880, 87
7881, 88
7882, 86
7883, 88
7884, 84
7885, 73
7886, 79
7887, 69
7888, 85
7889, 78
7890, 68
7891, 77
7892, 80
7893, 87
7894, 89
7895, 75
7896, 73
7897, 79
7898, 75
7899, 95
7900, 79
7901, 82
7902, 79
7903, 81
7904, 82
7905, 88
7906, 79
7907, 64
7908, 77
7909, 82
7910, 75
7911, 78
7912, 71
7913, 81
7914, 78
7915, 82
7916, 75
7917, 77
7918, 83
7919, 88
7920, 89
7921, 78
7922, 81
7923, 84
7924, 97
7925, 86
7926, 84
7927, 74
7928, 77
7929, 91
7930, 80
7931, 83
7932, 72
7933, 93
7934, 83
7935, 85
7936, 79
7937, 83
7938, 80
7939, 70
7940, 76
7941, 74
7942, 86
7943, 72
7944, 81
7945, 68
7946, 81
7947, 86
7948, 72
7949, 83
7950, 80
7951, 83
7952, 82
7953, 93
7954, 74
7955, 80
7956, 71
7957, 86
7958, 71
7959, 90
7960, 84
7961, 84
7962, 77
7963, 82
7964, 82
7965, 84
7966, 65
7967, 68
7968, 85
7969, 75
7970, 71
7971, 80
7972, 76
7973, 75
7974, 82
7975, 86
7976, 75
7977, 87
7978, 73
7979, 80
7980, 76
7981, 81
7982, 84
7983, 81
7984, 75
7985, 82
7986, 75
7987, 83
7988, 84
7989, 82
7990, 69
7991, 85
7992, 72
7993, 72
7994, 70
7995, 80
7996, 85
7997, 85
7998, 91
7999, 81
8000, 72
8001, 80
8002, 86
8003, 86
8004, 75
8005, 82
8006, 78
8007, 70
8008, 86
8009, 73
8010, 82
8011, 79
8012, 82
8013, 82
8014, 78
8015, 70
8016, 76
8017, 81
8018, 86
8019, 95
8020, 80
8021, 75
8022, 80
8023, 78
8024, 85
8025, 83
8026, 85
8027, 72
8028, 85
8029, 88
8030, 82
8031, 73
8032, 81
8033, 87
8034, 72
8035, 85
8036, 81
8037, 87
8038, 77
8039, 81
8040, 85
8041, 81
8042, 85
8043, 80
8044, 70
8045, 82
8046, 70
8047, 84
8048, 95
8049, 80
8050, 78
8051, 80
8052, 77
8053, 78
8054, 76
8055, 82
8056, 89
8057, 76
8058, 83
8059, 80
8060, 79
8061, 91
8062, 80
8063, 83
8064, 70
8065, 80
8066, 73
8067, 67
8068, 73
8069, 72
8070, 78
8071, 73
8072, 73
8073, 78
8074, 80
8075, 80
8076, 71
8077, 81
8078, 78
8079, 90
8080, 77
8081, 86
8082, 76
8083, 75
8084, 71
8085, 81
8086, 78
8087, 88
8088, 84
8089, 67
8090, 75
8091, 82
8092, 85
8093, 85
8094, 80
8095, 81
8096, 71
8097, 87
8098, 72
8099, 89
8100, 74
8101, 81
8102, 73
8103, 88
8104, 80
8105, 80
8106, 72
8107, 75
8108, 78
8109, 81
8110, 97
8111, 81
8112, 66
8113, 89
8114, 71
8115, 81
8116, 70
8117, 91
8118, 85
8119, 84
8120, 93
8121, 69
8122, 84
8123, 78
8124, 78
8125, 83
8126, 86
8127, 78
8128, 79
8129, 78
8130, 80
8131, 72
8132, 84
8133, 81
8134, 73
8135, 74
8136, 81
8137, 82
8138, 82
8139, 77
8140, 81
8141, 77
8142, 82
8143, 78
8144, 78
8145, 85
8146, 86
8147, 91
8148, 81
8149, 78
8150, 87
8151, 74
8152, 88
8153, 70
8154, 74
8155, 81
8156, 89
8157, 87
8158, 81
8159, 80
8160, 75
8161, 83
8162, 91
8163, 83
8164, 80
8165, 79
8166, 82
8167, 81
8168, 85
8169, 81
8170, 82
8171, 75
8172, 77
8173, 81
8174, 70
8175, 78
8176, 71
8177, 77
8178, 78
8179, 82
8180, 72
8181, 84
8182, 74
8183, 83
8184, 81
8185, 83
8186, 87
8187, 83
8188, 76
8189, 72
8190, 82
8191, 73
8192, 81
8193, 86
8194, 80
8195, 79
8196, 91
8197, 86
8198, 79
8199, 82
8200, 95
8201, 81
8202, 84
8203, 74
8204, 74
8205, 79
8206, 77
8207, 77
8208, 68
8209, 96
8210, 81
8211, 75
8212, 83
8213, 79
8214, 85
8215, 77
8216, 83
8217, 77
8218, 73
8219, 71
8220, 78
8221, 83
8222, 77
8223, 82
8224, 77
8225, 87
8226, 94
8227, 88
8228, 77
8229, 88
8230, 80
8231, 86
8232, 76
8233, 85
8234, 78
8235, 75
8236, 65
8237, 81
8238, 74
8239, 84
8240, 86
8241, 78
8242, 76
8243, 74
8244, 87
8245, 77
8246, 80
8247, 76
8248, 84
8249, 86
8250, 81
8251, 81
8252, 83
8253, 78
8254, 81
8255, 77
8256, 81
8257, 76
8258, 79
8259, 88
8260, 87
8261, 80
8262, 88
8263, 84
8264, 72
8265, 76
8266, 89
8267, 72
8268, 72
8269, 73
8270, 79
8271, 84
8272, 90
8273, 81
8274, 74
8275, 76
8276, 81
8277, 69
8278, 82
8279, 70
8280, 90
8281, 75
8282, 78
8283, 72
8284, 75
8285, 64
8286, 81
8287, 73
8288, 78
8289, 82
8290, 68
8291, 74
8292, 73
8293, 82
8294, 82
8295, 87
8296, 79
8297, 78
8298, 64
8299, 84
8300, 75
8301, 74
8302, 84
8303, 83
8304, 84
8305, 89
8306, 91
8307, 71
8308, 87
8309, 79
8310, 72
8311, 86
8312, 87
8313, 84
8314, 74
8315, 80
8316, 79
8317, 86
8318, 68
8319, 77
8320, 85
8321, 80
8322, 86
8323, 84
8324, 76
8325, 89
8326, 72
8327, 83
8328, 96
8329, 80
8330, 85
8331, 72
8332, 84
8333, 76
8334, 83
8335, 78
8336, 83
8337, 74
8338, 76
8339, 89
8340, 90
8341, 82
8342, 69
8343, 77
8344, 79
8345, 73
8346, 84
8347, 83
8348, 88
8349, 74
8350, 77
8351, 86
8352, 86
8353, 84
8354, 77
8355, 81
8356, 78
8357, 69
8358, 77
8359, 84
8360, 82
8361, 78
8362, 83
8363, 74
8364, 83
8365, 70
8366, 76
8367, 76
8368, 88
8369, 76
8370, 88
8371, 74
8372, 94
8373, 73
8374, 77
8375, 77
8376, 66
8377, 83
8378, 74
8379, 90
8380, 90
8381, 87
8382, 77
8383, 85
8384, 83
8385, 86
8386, 78
8387, 79
8388, 87
8389, 79
8390, 88
8391, 87
8392, 82
8393, 86
8394, 74
8395, 85
8396, 80
8397, 81
8398, 84
8399, 80
8400, 79
8401, 78
8402, 77
8403, 80
8404, 99
8405, 86
8406, 86
8407, 85
8408, 75
8409, 89
8410, 82
8411, 87
8412, 80
8413, 83
8414, 80
8415, 81
8416, 78
8417, 66
8418, 84
8419, 85
8420, 79
8421, 80
8422, 85
8423, 85
8424, 77
8425, 82
8426, 63
8427, 82
8428, 91
8429, 83
8430, 82
8431, 85
8432, 78
8433, 84
8434, 83
8435, 78
8436, 86
8437, 81
8438, 73
8439, 92
8440, 76
8441, 86
8442, 65
8443, 66
8444, 87
8445, 81
8446, 70
8447, 64
8448, 75
8449, 71
8450, 80
8451, 93
8452, 82
8453, 92
8454, 78
8455, 71
8456, 78
8457, 85
8458, 74
8459, 77
8460, 66
8461, 72
8462, 83
8463, 82
8464, 90
8465, 84
8466, 70
8467, 76
8468, 77
8469, 86
8470, 93
8471, 87
8472, 86
8473, 77
8474, 83
8475, 77
8476, 74
8477, 77
8478, 81
8479, 89
8480, 76
8481, 88
8482, 78
8483, 79
8484, 80
8485, 88
8486, 75
8487, 75
8488, 88
8489, 80
8490, 74
8491, 73
8492, 70
8493, 82
8494, 91
8495, 77
8496, 83
8497, 74
8498, 85
8499, 78
8500, 76
8501, 83
8502, 83
8503, 76
8504, 82
8505, 80
8506, 75
8507, 82
8508, 88
8509, 76
8510, 84
8511, 87
8512, 81
8513, 71
8514, 73
8515, 84
8516, 77
8517, 72
8518, 84
8519, 82
8520, 96
8521, 84
8522, 80
8523, 68
8524, 76
8525, 80
8526, 79
8527, 85
8528, 73
8529, 78
8530, 82
8531, 88
8532, 84
8533, 83
8534, 69
8535, 81
8536, 86
8537, 83
8538, 78
8539, 79
8540, 73
8541, 76
8542, 91
8543, 73
8544, 84
8545, 83
8546, 90
8547, 81
8548, 72
8549, 77
8550, 84
8551, 83
8552, 87
8553, 79
8554, 86
8555, 70
8556, 88
8557, 69
8558, 84
8559, 91
8560, 73
8561, 87
8562, 86
8563, 81
8564, 85
8565, 82
8566, 77
8567, 82
8568, 80
8569, 69
8570, 77
8571, 73
8572, 77
8573, 70
8574, 79
8575, 77
8576, 80
8577, 76
8578, 87
8579, 81
8580, 79
8581, 94
8582, 81
8583, 85
8584, 75
8585, 84
8586, 81
8587, 84
8588, 81
8589, 78
8590, 86
8591, 84
8592, 75
8593, 86
8594, 76
8595, 75
8596, 82
8597, 83
8598, 63
8599, 76
8600, 74
8601, 82
8602, 81
8603, 81
8604, 74
8605, 85
8606, 80
8607, 81
8608, 80
8609, 83
8610, 74
8611, 80
8612, 80
8613, 85
8614, 86
8615, 75
8616, 74
8617, 80
8618, 75
8619, 75
8620, 76
8621, 88
8622, 91
8623, 81
8624, 76
8625, 76
8626, 80
8627, 78
8628, 82
8629, 86
8630, 76
8631, 87
8632, 85
8633, 77
8634, 87
8635, 79
8636, 70
8637, 72
8638, 76
8639, 80
8640, 81
8641, 81
8642, 86
8643, 89
8644, 72
8645, 84
8646, 84
8647, 73
8648, 84
8649, 73
8650, 73
8651, 69
8652, 80
8653, 76
8654, 84
8655, 82
8656, 93
8657, 82
8658, 79
8659, 86
8660, 90
8661, 77
8662, 90
8663, 74
8664, 75
8665, 82
8666, 87
8667, 77
8668, 90
8669, 83
8670, 75
8671, 82
8672, 87
8673, 79
8674, 87
8675, 79
8676, 90
8677, 79
8678, 80
8679, 73
8680, 98
8681, 78
8682, 77
8683, 80
8684, 86
8685, 83
8686, 79
8687, 79
8688, 85
8689, 80
8690, 73
8691, 80
8692, 84
8693, 76
8694, 77
8695, 83
8696, 71
8697, 86
8698, 88
8699, 69
8700, 74
8701, 83
8702, 81
8703, 77
8704, 73
8705, 74
8706, 80
8707, 86
8708, 78
8709, 71
8710, 78
8711, 88
8712, 77
8713, 77
8714, 79
8715, 88
8716, 73
8717, 77
8718, 89
8719, 75
8720, 80
8721, 78
8722, 71
8723, 86
8724, 85
8725, 85
8726, 80
8727, 80
8728, 82
8729, 87
8730, 79
8731, 85
8732, 78
8733, 78
8734, 90
8735, 75
8736, 77
8737, 80
8738, 84
8739, 88
8740, 82
8741, 85
8742, 77
8743, 74
8744, 94
8745, 74
8746, 79
8747, 77
8748, 78
8749, 81
8750, 78
8751, 90
8752, 77
8753, 71
8754, 88
8755, 88
8756, 73
8757, 85
8758, 83
8759, 80
8760, 89
8761, 70
8762, 82
8763, 83
8764, 82
8765, 79
8766, 73
8767, 74
8768, 74
8769, 71
8770, 82
8771, 71
8772, 82
8773, 92
8774, 64
8775, 84
8776, 89
8777, 85
8778, 87
8779, 84
8780, 75
8781, 84
8782, 84
8783, 88
8784, 72
8785, 77
8786, 83
8787, 66
8788, 79
8789, 73
8790, 91
8791, 81
8792, 70
8793, 85
8794, 80
8795, 81
8796, 77
8797, 75
8798, 80
8799, 83
8800, 76
8801, 77
8802, 70
8803, 75
8804, 79
8805, 92
8806, 76
8807, 73
8808, 81
8809, 84
8810, 82
8811, 85
8812, 85
8813, 78
8814, 81
8815, 75
8816, 77
8817, 72
8818, 72
8819, 79
8820, 76
8821, 75
8822, 76
8823, 86
8824, 85
8825, 82
8826, 87
8827, 83
8828, 81
8829, 85
8830, 72
8831, 87
8832, 89
8833, 76
8834, 79
8835, 80
8836, 72
8837, 76
8838, 87
8839, 82
8840, 82
8841, 70
8842, 75
8843, 82
8844, 87
8845, 79
8846, 78
8847, 81
8848, 76
8849, 79
8850, 79
8851, 80
8852, 76
8853, 85
8854, 90
8855, 89
8856, 80
8857, 81
8858, 74
8859, 84
8860, 72
8861, 79
8862, 87
8863, 82
8864, 81
8865, 80
8866, 79
8867, 87
8868, 82
8869, 79
8870, 81
8871, 76
8872, 76
8873, 76
8874, 71
8875, 82
8876, 90
8877, 78
8878, 74
8879, 90
8880, 85
8881, 75
8882, 88
8883, 86
8884, 83
8885, 89
8886, 77
8887, 70
8888, 81
8889, 73
8890, 75
8891, 92
8892, 79
8893, 81
8894, 81
8895, 76
8896, 81
8897, 75
8898, 87
8899, 83
8900, 94
8901, 81
8902, 79
8903, 85
8904, 86
8905, 74
8906, 71
8907, 83
8908, 70
8909, 89
8910, 84
8911, 83
8912, 72
8913, 76
8914, 83
8915, 81
8916, 83
8917, 82
8918, 84
8919, 80
8920, 79
8921, 74
8922, 81
8923, 85
8924, 81
8925, 79
8926, 78
8927, 79
8928, 76
8929, 89
8930, 76
8931, 88
8932, 77
8933, 83
8934, 87
8935, 82
8936, 83
8937, 93
8938, 89
8939, 90
8940, 67
8941, 82
8942, 88
8943, 83
8944, 75
8945, 81
8946, 77
8947, 73
8948, 81
8949, 81
8950, 79
8951, 65
8952, 82
8953, 79
8954, 72
8955, 80
8956, 84
8957, 81
8958, 75
8959, 80
8960, 79
8961, 73
8962, 73
8963, 79
8964, 83
8965, 76
8966, 84
8967, 89
8968, 82
8969, 80
8970, 82
8971, 74
8972, 93
8973, 73
8974, 81
8975, 83
8976, 86
8977, 84
8978, 82
8979, 82
8980, 83
8981, 65
8982, 81
8983, 79
8984, 77
8985, 73
8986, 77
8987, 75
8988, 76
8989, 87
8990, 80
8991, 83
8992, 86
8993, 89
8994, 79
8995, 82
8996, 83
8997, 82
8998, 91
8999, 81
9000, 86
9001, 77
9002, 87
9003, 75
9004, 82
9005, 86
9006, 86
9007, 74
9008, 74
9009, 81
9010, 77
9011, 79
9012, 92
9013, 72
9014, 90
9015, 84
9016, 85
9017, 83
9018, 83
9019, 87
9020, 84
9021, 76
9022, 76
9023, 72
9024, 85
9025, 71
9026, 77
9027, 72
9028, 81
9029, 70
9030, 85
9031, 79
9032, 80
9033, 83
9034, 81
9035, 84
9036, 74
9037, 88
9038, 80
9039, 79
9040, 78
9041, 77
9042, 75
9043, 75
9044, 83
9045, 87
9046, 80
9047, 76
9048, 76
9049, 77
9050, 77
9051, 89
9052, 80
9053, 77
9054, 78
9055, 88
9056, 86
9057, 78
9058, 91
9059, 86
9060, 80
9061, 82
9062, 73
9063, 74
9064, 73
9065, 88
9066, 77
9067, 89
9068, 83
9069, 81
9070, 77
9071, 77
9072, 87
9073, 78
9074, 77
9075, 75
9076, 74
9077, 79
9078, 80
9079, 70
9080, 86
9081, 83
9082, 77
9083, 80
9084, 88
9085, 81
9086, 78
9087, 89
9088, 83
9089, 83
9090, 72
9091, 70
9092, 72
9093, 87
9094, 74
9095, 77
9096, 82
9097, 79
9098, 88
9099, 85
9100, 75
9101, 81
9102, 78
9103, 82
9104, 72
9105, 81
9106, 86
9107, 88
9108, 72
9109, 88
9110, 76
9111, 77
9112, 84
9113, 83
9114, 89
9115, 71
9116, 78
9117, 91
9118, 82
9119, 82
9120, 83
9121, 70
9122, 82
9123, 86
9124, 82
9125, 75
9126, 83
9127, 86
9128, 80
9129, 82
9130, 76
9131, 72
9132, 77
9133, 77
9134, 86
9135, 82
9136, 78
9137, 77
9138, 82
9139, 86
9140, 75
9141, 83
9142, 85
9143, 79
9144, 75
9145, 78
9146, 85
9147, 79
9148, 90
9149, 83
9150, 75
9151, 84
9152, 77
9153, 76
9154, 86
9155, 76
9156, 72
9157, 77
9158, 84
9159, 78
9160, 85
9161, 98
9162, 86
9163, 81
9164, 75
9165, 74
9166, 73
9167, 79
9168, 75
9169, 75
9170, 84
9171, 83
9172, 92
9173, 75
9174, 76
9175, 86
9176, 80
9177, 86
9178, 84
9179, 77
9180, 77
9181, 86
9182, 83
9183, 77
9184, 73
9185, 81
9186, 76
9187, 88
9188, 82
9189, 76
9190, 92
9191, 86
9192, 76
9193, 79
9194, 78
9195, 80
9196, 87
9197, 84
9198, 71
9199, 83
9200, 81
9201, 86
9202, 77
9203, 77
9204, 79
9205, 84
9206, 84
9207, 86
9208, 87
9209, 83
9210, 71
9211, 89
9212, 98
9213, 79
9214, 81
9215, 88
9216, 71
9217, 83
9218, 78
9219, 85
9220, 67
9221, 69
9222, 75
9223, 86
9224, 75
9225, 80
9226, 84
9227, 86
9228, 83
9229, 88
9230, 81
9231, 77
9232, 78
9233, 76
9234, 79
9235, 87
9236, 85
9237, 86
9238, 85
9239, 88
9240, 88
9241, 82
9242, 81
9243, 73
9244, 81
9245, 83
9246, 84
9247, 75
9248, 71
9249, 77
9250, 74
9251, 72
9252, 91
9253, 67
9254, 71
9255, 85
9256, 74
9257, 73
9258, 85
9259, 83
9260, 81
9261, 88
9262, 87
9263, 87
9264, 84
9265, 85
9266, 77
9267, 74
9268, 76
9269, 78
9270, 88
9271, 78
9272, 86
9273, 79
9274, 78
9275, 76
9276, 85
9277, 79
9278, 90
9279, 86
9280, 73
9281, 90
9282, 72
9283, 88
9284, 90
9285, 78
9286, 83
9287, 82
9288, 80
9289, 81
9290, 79
9291, 74
9292, 86
9293, 82
9294, 71
9295, 88
9296, 85
9297, 77
9298, 83
9299, 83
9300, 88
9301, 88
9302, 77
9303, 85
9304, 79
9305, 75
9306, 81
9307, 82
9308, 75
9309, 87
9310, 87
9311, 86
9312, 81
9313, 78
9314, 91
9315, 77
9316, 73
9317, 79
9318, 77
9319, 83
9320, 76
9321, 88
9322, 78
9323, 79
9324, 79
9325, 77
9326, 87
9327, 84
9328, 78
9329, 75
9330, 86
9331, 73
9332, 87
9333, 78
9334, 81
9335, 73
9336, 84
9337, 79
9338, 77
9339, 73
9340, 89
9341, 79
9342, 82
9343, 76
9344, 82
9345, 77
9346, 70
9347, 80
9348, 84
9349, 89
9350, 82
9351, 74
9352, 73
9353, 77
9354, 74
9355, 78
9356, 84
9357, 82
9358, 82
9359, 81
9360, 85
9361, 85
9362, 73
9363, 77
9364, 79
9365, 82
9366, 80
9367, 81
9368, 80
9369, 72
9370, 87
9371, 73
9372, 81
9373, 83
9374, 85
9375, 83
9376, 86
9377, 75
9378, 78
9379, 84
9380, 75
9381, 72
9382, 73
9383, 76
9384, 89
9385, 76
9386, 79
9387, 90
9388, 85
9389, 83
9390, 92
9391, 80
9392, 75
9393, 91
9394, 81
9395, 74
9396, 85
9397, 83
9398, 80
9399, 88
9400, 73
9401, 74
9402, 82
9403, 78
9404, 80
9405, 78
9406, 84
9407, 93
9408, 89
9409, 80
9410, 98
9411, 85
9412, 85
9413, 82
9414, 96
9415, 85
9416, 78
9417, 82
9418, 71
9419, 83
9420, 86
9421, 83
9422, 75
9423, 82
9424, 76
9425, 84
9426, 76
9427, 69
9428, 77
9429, 88
9430, 82
9431, 77
9432, 75
9433, 74
9434, 77
9435, 80
9436, 72
9437, 78
9438, 81
9439, 79
9440, 88
9441, 89
9442, 85
9443, 89
9444, 72
9445, 74
9446, 81
9447, 71
9448, 87
9449, 78
9450, 73
9451, 81
9452, 86
9453, 79
9454, 71
9455, 90
9456, 75
9457, 82
9458, 84
9459, 82
9460, 89
9461, 72
9462, 79
9463, 75
9464, 80
9465, 82
9466, 73
9467, 77
9468, 91
9469, 82
9470, 71
9471, 85
9472, 84
9473, 79
9474, 69
9475, 90
9476, 79
9477, 85
9478, 85
9479, 89
9480, 78
9481, 82
9482, 79
9483, 83
9484, 77
9485, 86
9486, 102
9487, 75
9488, 77
9489, 84
9490, 81
9491, 73
9492, 86
9493, 79
9494, 76
9495, 73
9496, 85
9497, 84
9498, 83
9499, 73
9500, 84
9501, 85
9502, 72
9503, 82
9504, 80
9505, 82
9506, 82
9507, 79
9508, 81
9509, 80
9510, 76
9511, 82
9512, 84
9513, 83
9514, 80
9515, 83
9516, 82
9517, 85
9518, 73
9519, 83
9520, 77
9521, 89
9522, 83
9523, 77
9524, 75
9525, 81
9526, 81
9527, 73
9528, 83
9529, 76
9530, 80
9531, 85
9532, 78
9533, 80
9534, 76
9535, 82
9536, 87
9537, 68
9538, 80
9539, 71
9540, 67
9541, 72
9542, 82
9543, 87
9544, 88
9545, 80
9546, 83
9547, 82
9548, 68
9549, 82
9550, 80
9551, 83
9552, 89
9553, 77
9554, 86
9555, 74
9556, 77
9557, 83
9558, 92
9559, 71
9560, 75
9561, 91
9562, 77
9563, 77
9564, 82
9565, 92
9566, 84
9567, 75
9568, 96
9569, 81
9570, 82
9571, 78
9572, 94
9573, 94
9574, 87
9575, 79
9576, 70
9577, 87
9578, 83
9579, 79
9580, 87
9581, 80
9582, 82
9583, 78
9584, 85
9585, 70
9586, 75
9587, 79
9588, 85
9589, 86
9590, 75
9591, 81
9592, 92
9593, 79
9594, 84
9595, 80
9596, 80
9597, 89
9598, 76
9599, 91
9600, 72
9601, 84
9602, 78
9603, 78
9604, 82
9605, 70
9606, 83
9607, 77
9608, 75
9609, 78
9610, 90
9611, 74
9612, 83
9613, 89
9614, 86
9615, 81
9616, 83
9617, 83
9618, 78
9619, 79
9620, 81
9621, 69
9622, 82
9623, 82
9624, 80
9625, 87
9626, 80
9627, 74
9628, 72
9629, 79
9630, 80
9631, 83
9632, 69
9633, 84
9634, 84
9635, 80
9636, 76
9637, 75
9638, 93
9639, 78
9640, 71
9641, 79
9642, 82
9643, 78
9644, 76
9645, 79
9646, 81
9647, 87
9648, 93
9649, 81
9650, 89
9651, 78
9652, 73
9653, 92
9654, 73
9655, 87
9656, 77
9657, 87
9658, 79
9659, 83
9660, 76
9661, 70
9662, 83
9663, 82
9664, 80
9665, 90
9666, 75
9667, 87
9668, 75
9669, 81
9670, 84
9671, 87
9672, 75
9673, 74
9674, 70
9675, 85
9676, 76
9677, 87
9678, 87
9679, 85
9680, 86
9681, 65
9682, 84
9683, 79
9684, 85
9685, 82
9686, 88
9687, 83
9688, 82
9689, 79
9690, 87
9691, 73
9692, 82
9693, 75
9694, 84
9695, 76
9696, 78
9697, 79
9698, 79
9699, 74
9700, 74
9701, 88
9702, 90
9703, 81
9704, 79
9705, 79
9706, 72
9707, 76
9708, 84
9709, 80
9710, 85
9711, 73
9712, 77
9713, 68
9714, 82
9715, 86
9716, 83
9717, 86
9718, 78
9719, 90
9720, 77
9721, 93
9722, 80
9723, 81
9724, 79
9725, 82
9726, 72
9727, 86
9728, 73
9729, 78
9730, 90
9731, 80
9732, 77
9733, 75
9734, 83
9735, 78
9736, 79
9737, 78
9738, 84
9739, 79
9740, 79
9741, 77
9742, 90
9743, 90
9744, 73
9745, 88
9746, 67
9747, 82
9748, 82
9749, 74
9750, 82
9751, 86
9752, 74
9753, 87
9754, 83
9755, 84
9756, 79
9757, 75
9758, 77
9759, 78
9760, 74
9761, 90
9762, 81
9763, 81
9764, 92
9765, 77
9766, 73
9767, 82
9768, 84
9769, 79
9770, 84
9771, 86
9772, 81
9773, 79
9774, 79
9775, 87
9776, 75
9777, 65
9778, 79
9779, 72
9780, 78
9781, 82
9782, 80
9783, 85
9784, 85
9785, 74
9786, 71
9787, 73
9788, 79
9789, 79
9790, 76
9791, 89
9792, 66
9793, 82
9794, 74
9795, 88
9796, 79
9797, 84
9798, 78
9799, 81
9800, 82
9801, 84
9802, 77
9803, 76
9804, 94
9805, 85
9806, 84
9807, 59
9808, 86
9809, 78
9810, 74
9811, 78
9812, 88
9813, 75
9814, 83
9815, 74
9816, 74
9817, 82
9818, 76
9819, 79
9820, 79
9821, 79
9822, 89
9823, 73
9824, 81
9825, 82
9826, 82
9827, 73
9828, 88
9829, 80
9830, 69
9831, 85
9832, 83
9833, 84
9834, 81
9835, 78
9836, 83
9837, 91
9838, 80
9839, 92
9840, 82
9841, 90
9842, 77
9843, 75
9844, 87
9845, 76
9846, 74
9847, 79
9848, 82
9849, 85
9850, 77
9851, 84
9852, 73
9853, 71
9854, 77
9855, 81
9856, 73
9857, 88
9858, 77
9859, 86
9860, 77
9861, 73
9862, 70
9863, 79
9864, 88
9865, 74
9866, 78
9867, 88
9868, 80
9869, 76
9870, 74
9871, 78
9872, 90
9873, 76
9874, 93
9875, 78
9876, 81
9877, 85
9878, 80
9879, 86
9880, 83
9881, 80
9882, 78
9883, 77
9884, 85
9885, 83
9886, 78
9887, 76
9888, 79
9889, 81
9890, 80
9891, 81
9892, 81
9893, 82
9894, 83
9895, 78
9896, 86
9897, 84
9898, 72
9899, 87
9900, 74
9901, 85
9902, 80
9903, 81
9904, 77
9905, 77
9906, 97
9907, 83
9908, 80
9909, 73
9910, 72
9911, 77
9912, 85
9913, 77
9914, 83
9915, 79
9916, 89
9917, 84
9918, 78
9919, 85
9920, 85
9921, 75
9922, 74
9923, 81
9924, 83
9925, 91
9926, 81
9927, 76
9928, 81
9929, 90
9930, 85
9931, 74
9932, 80
9933, 74
9934, 85
9935, 89
9936, 90
9937, 86
9938, 88
9939, 76
9940, 87
9941, 83
9942, 78
9943, 72
9944, 82
9945, 85
9946, 87
9947, 86
9948, 83
9949, 77
9950, 80
9951, 86
9952, 77
9953, 91
9954, 83
9955, 71
9956, 85
9957, 83
9958, 79
9959, 82
9960, 79
9961, 84
9962, 79
9963, 72
9964, 71
9965, 89
9966, 81
9967, 78
9968, 84
9969, 89
9970, 84
9971, 81
9972, 82
9973, 75
9974, 80
9975, 82
9976, 76
9977, 73
9978, 84
9979, 81
9980, 76
9981, 81
9982, 82
9983, 89
9984, 81
9985, 89
9986, 86
9987, 77
9988, 80
9989, 77
9990, 82
9991, 90
9992, 79
9993, 73
9994, 92
9995, 91
9996, 83
9997, 79
9998, 71
9999, 87
10000, 92
